ISO-10303-21;
HEADER;
FILE_DESCRIPTION (( 'STEP AP214' ),
    '1' );
FILE_NAME ('SOT563.STEP',
    '2021-06-17T13:45:52',
    ( '' ),
    ( '' ),
    'SwSTEP 2.0',
    'SolidWorks 2014',
    '' );
FILE_SCHEMA (( 'AUTOMOTIVE_DESIGN' ));
ENDSEC;

DATA;
#1 = ORIENTED_EDGE ( 'NONE', *, *, #827, .F. ) ;
#2 = CARTESIAN_POINT ( 'NONE',  ( 1.051197850475609900, 0.5481025635590720500, -0.1423298990175301500 ) ) ;
#3 = LINE ( 'NONE', #705, #1966 ) ;
#4 = CARTESIAN_POINT ( 'NONE',  ( 1.076770937999898200, 0.5357263191620934600, -1.487662492201696300 ) ) ;
#5 = CARTESIAN_POINT ( 'NONE',  ( 0.1642261328679382500, 0.5500000000000000400, -0.1642261328679381300 ) ) ;
#6 = VERTEX_POINT ( 'NONE', #286 ) ;
#7 = AXIS2_PLACEMENT_3D ( 'NONE', #214, #899, #1721 ) ;
#8 = CARTESIAN_POINT ( 'NONE',  ( 1.068799213683039100, 0.5410029542706100700, -0.1224810664905058900 ) ) ;
#9 = ORIENTED_EDGE ( 'NONE', *, *, #324, .F. ) ;
#10 = ORIENTED_EDGE ( 'NONE', *, *, #2114, .T. ) ;
#11 = DIRECTION ( 'NONE',  ( 0.0000000000000000000, -0.0000000000000000000, 1.000000000000000000 ) ) ;
#12 = CARTESIAN_POINT ( 'NONE',  ( 1.079729570259986300, 0.5364609542211861100, -1.485175348594760300 ) ) ;
#13 = CARTESIAN_POINT ( 'NONE',  ( 0.1642261328679382500, 0.5500000000000000400, -0.1642261328679381300 ) ) ;
#14 = CARTESIAN_POINT ( 'NONE',  ( 1.098029562446992900, 0.4873703522333602300, -0.07103495632812154000 ) ) ;
#15 = DIRECTION ( 'NONE',  ( 1.000000000000000000, 0.0000000000000000000, 0.0000000000000000000 ) ) ;
#16 = CARTESIAN_POINT ( 'NONE',  ( 1.052334153527398000, 0.5483337186197583300, -1.456465712074144200 ) ) ;
#17 = ADVANCED_BREP_SHAPE_REPRESENTATION ( '', ( #2062, #1443 ), #2003 ) ;
#18 = DIRECTION ( 'NONE',  ( 9.807965596809098200E-016, -0.9902680687415703600, -0.1391731009600657400 ) ) ;
#19 = CARTESIAN_POINT ( 'NONE',  ( 0.08725955825622606900, 0.4918706516744348300, -1.523776865610127200 ) ) ;
#20 = CARTESIAN_POINT ( 'NONE',  ( 0.1312007867660544600, 0.5410029540633091200, -0.1224810660584905500 ) ) ;
#21 = STYLED_ITEM ( 'NONE', ( #690 ), #649 ) ;
#22 = LINE ( 'NONE', #1830, #1749 ) ;
#23 = CARTESIAN_POINT ( 'NONE',  ( 1.134447737253461200, 0.4664285855804951600, -0.08177840970034835900 ) ) ;
#24 = DIRECTION ( 'NONE',  ( 0.1391731009600657400, 0.9902680687415702500, -0.0000000000000000000 ) ) ;
#25 = COLOUR_RGB ( '',0.8000000000000000400, 0.8078431372549019800, 0.8000000000000000400 ) ;
#26 = CARTESIAN_POINT ( 'NONE',  ( 1.035773867132061500, 0.5500000000000000400, -1.435773867132061900 ) ) ;
#27 = ORIENTED_EDGE ( 'NONE', *, *, #638, .F. ) ;
#28 = DIRECTION ( 'NONE',  ( -1.000000000000000000, -0.0000000000000000000, -0.0000000000000000000 ) ) ;
#29 = CARTESIAN_POINT ( 'NONE',  ( 0.1232290620000963100, 0.5357263191621156600, -0.1123375077983369700 ) ) ;
#30 = VECTOR ( 'NONE', #541, 1000.000000000000000 ) ;
#31 = EDGE_CURVE ( 'NONE', #1923, #2119, #565, .T. ) ;
#32 = VECTOR ( 'NONE', #1814, 1000.000000000000000 ) ;
#33 = CARTESIAN_POINT ( 'NONE',  ( 1.035773867132061500, 0.5500000000000000400, -0.1642261328679381300 ) ) ;
#34 =( LENGTH_UNIT ( ) NAMED_UNIT ( * ) SI_UNIT ( .MILLI., .METRE. ) );
#35 = EDGE_CURVE ( 'NONE', #2121, #1178, #2022, .T. ) ;
#36 = ORIENTED_EDGE ( 'NONE', *, *, #1604, .F. ) ;
#37 = ORIENTED_EDGE ( 'NONE', *, *, #676, .F. ) ;
#38 = CARTESIAN_POINT ( 'NONE',  ( 0.1000000000000000200, 0.0000000000000000000, -1.500000000000000000 ) ) ;
#39 = FILL_AREA_STYLE ('',( #392 ) ) ;
#40 = MECHANICAL_DESIGN_GEOMETRIC_PRESENTATION_REPRESENTATION (  '', ( #2087 ), #1320 ) ;
#41 = PLANE ( 'NONE',  #1112 ) ;
#42 = CARTESIAN_POINT ( 'NONE',  ( 0.0000000000000000000, 0.1200000000000000000, 0.0000000000000000000 ) ) ;
#43 = LINE ( 'NONE', #1807, #1300 ) ;
#44 = APPLICATION_PROTOCOL_DEFINITION ( 'draft international standard', 'automotive_design', 1998, #1051 ) ;
#45 = PLANE ( 'NONE',  #799 ) ;
#46 = PRODUCT_DEFINITION_CONTEXT ( 'detailed design', #1218, 'design' ) ;
#47 = CARTESIAN_POINT ( 'NONE',  ( 0.05000000000000533200, 0.1200000000000000000, -1.410000000000000100 ) ) ;
#48 = CARTESIAN_POINT ( 'NONE',  ( 1.200000000000001700, 0.0000000000000000000, -0.4100000000000000900 ) ) ;
#49 = PRESENTATION_STYLE_ASSIGNMENT (( #437 ) ) ;
#50 = APPLICATION_CONTEXT ( 'automotive_design' ) ;
#51 = AXIS2_PLACEMENT_3D ( 'NONE', #940, #1602, #611 ) ;
#52 = FACE_OUTER_BOUND ( 'NONE', #278, .T. ) ;
#53 = ORIENTED_EDGE ( 'NONE', *, *, #1268, .F. ) ;
#54 = DIRECTION ( 'NONE',  ( -1.000000000000000000, 0.0000000000000000000, 0.0000000000000000000 ) ) ;
#55 = FACE_OUTER_BOUND ( 'NONE', #197, .T. ) ;
#56 = STYLED_ITEM ( 'NONE', ( #1803 ), #17 ) ;
#57 = EDGE_LOOP ( 'NONE', ( #1400, #1647, #1844, #443 ) ) ;
#58 = DIRECTION ( 'NONE',  ( 4.928191693115927800E-016, 0.0000000000000000000, 1.000000000000000000 ) ) ;
#59 =( NAMED_UNIT ( * ) SI_UNIT ( $, .STERADIAN. ) SOLID_ANGLE_UNIT ( ) );
#60 = ORIENTED_EDGE ( 'NONE', *, *, #1026, .T. ) ;
#61 = FILL_AREA_STYLE ('',( #1728 ) ) ;
#62 = VERTEX_POINT ( 'NONE', #777 ) ;
#63 = ORIENTED_EDGE ( 'NONE', *, *, #2078, .F. ) ;
#64 = EDGE_CURVE ( 'NONE', #1139, #2069, #926, .T. ) ;
#65 = ORIENTED_EDGE ( 'NONE', *, *, #117, .F. ) ;
#66 = STYLED_ITEM ( 'NONE', ( #720 ), #447 ) ;
#67 = CARTESIAN_POINT ( 'NONE',  ( 0.1210187349477480500, 0.5403562556502757900, -1.465802519470885000 ) ) ;
#68 = DIRECTION ( 'NONE',  ( 0.0000000000000000000, 0.0000000000000000000, 1.000000000000000000 ) ) ;
#69 = DIRECTION ( 'NONE',  ( 0.0000000000000000000, 0.0000000000000000000, 1.000000000000000000 ) ) ;
#70 = CARTESIAN_POINT ( 'NONE',  ( 0.2999999999999999900, 0.5200000000000000200, -1.300000000000000000 ) ) ;
#71 = FACE_OUTER_BOUND ( 'NONE', #354, .T. ) ;
#72 = CARTESIAN_POINT ( 'NONE',  ( 0.1048138131462170400, 0.5305084478505458500, -1.477051225601123000 ) ) ;
#73 =( REPRESENTATION_RELATIONSHIP ('NONE','NONE', #1930, #201 ) REPRESENTATION_RELATIONSHIP_WITH_TRANSFORMATION ( #1201 )SHAPE_REPRESENTATION_RELATIONSHIP( ) );
#74 = EDGE_CURVE ( 'NONE', #911, #2086, #1322, .T. ) ;
#75 = CARTESIAN_POINT ( 'NONE',  ( 0.1264653479065423500, 0.5342570497108465300, -0.1100441988521156200 ) ) ;
#76 = CARTESIAN_POINT ( 'NONE',  ( 0.0000000000000000000, 0.1200000000000000000, -0.2200000000000000000 ) ) ;
#77 = LINE ( 'NONE', #1883, #1776 ) ;
#78 = DIRECTION ( 'NONE',  ( -0.0000000000000000000, -1.000000000000000000, -0.0000000000000000000 ) ) ;
#79 = AXIS2_PLACEMENT_3D ( 'NONE', #599, #1775, #1099 ) ;
#80 = VECTOR ( 'NONE', #550, 999.9999999999998900 ) ;
#81 = ORIENTED_EDGE ( 'NONE', *, *, #1455, .T. ) ;
#82 = LINE ( 'NONE', #1554, #432 ) ;
#83 = ORIENTED_EDGE ( 'NONE', *, *, #869, .T. ) ;
#84 = CARTESIAN_POINT ( 'NONE',  ( 0.1000000000000007100, 0.0000000000000000000, 0.0000000000000000000 ) ) ;
#85 = DIRECTION ( 'NONE',  ( 0.0000000000000000000, 0.0000000000000000000, 1.000000000000000000 ) ) ;
#86 = VECTOR ( 'NONE', #200, 1000.000000000000000 ) ;
#87 = ORIENTED_EDGE ( 'NONE', *, *, #1787, .T. ) ;
#88 =( NAMED_UNIT ( * ) PLANE_ANGLE_UNIT ( ) SI_UNIT ( $, .RADIAN. ) );
#89 = ORIENTED_EDGE ( 'NONE', *, *, #98, .T. ) ;
#90 = CARTESIAN_POINT ( 'NONE',  ( 1.099999999999999000, 1.867791374968444800E-018, 1.355252715606880500E-017 ) ) ;
#91 = UNCERTAINTY_MEASURE_WITH_UNIT (LENGTH_MEASURE( 1.000000000000000100E-005 ), #517, 'distance_accuracy_value', 'NONE');
#92 = VERTEX_POINT ( 'NONE', #459 ) ;
#93 = B_SPLINE_CURVE_WITH_KNOTS ( 'NONE', 3,
 ( #766, #127, #1297, #101 ),
 .UNSPECIFIED., .F., .F.,
 ( 4, 4 ),
 ( 0.0000000000000000000, 1.000000000000000000 ),
 .UNSPECIFIED. ) ;
#94 = DIRECTION ( 'NONE',  ( 1.000000000000000000, 0.0000000000000000000, 0.0000000000000000000 ) ) ;
#95 = DIRECTION ( 'NONE',  ( -0.1391731009600657400, -0.9902680687415702500, 0.0000000000000000000 ) ) ;
#96 = DIRECTION ( 'NONE',  ( -1.000000000000000000, 0.0000000000000000000, -0.0000000000000000000 ) ) ;
#97 = CARTESIAN_POINT ( 'NONE',  ( 1.150000000000001700, 0.1200000000000000000, -0.4100000000000000900 ) ) ;
#98 = EDGE_CURVE ( 'NONE', #848, #2040, #2143, .T. ) ;
#99 = CARTESIAN_POINT ( 'NONE',  ( 0.1353372193321008600, 0.5431320821136173000, -1.472310391319050700 ) ) ;
#100 = PRESENTATION_LAYER_ASSIGNMENT (  '', '', ( #865 ) ) ;
#101 = CARTESIAN_POINT ( 'NONE',  ( 1.134800674006218400, 0.4639173100960066700, -1.499999999999999800 ) ) ;
#102 = DIRECTION ( 'NONE',  ( -0.1391731009600657400, 0.9902680687415702500, -0.0000000000000000000 ) ) ;
#103 = CARTESIAN_POINT ( 'NONE',  ( 1.149999999999999700, 0.0000000000000000000, -0.9100000000000001400 ) ) ;
#104 = DIRECTION ( 'NONE',  ( -1.000000000000000000, 0.0000000000000000000, -0.0000000000000000000 ) ) ;
#105 = PLANE ( 'NONE',  #1665 ) ;
#106 = EDGE_CURVE ( 'NONE', #1135, #911, #436, .T. ) ;
#107 = VECTOR ( 'NONE', #1285, 1000.000000000000100 ) ;
#108 = EDGE_LOOP ( 'NONE', ( #1397, #37, #303, #1810 ) ) ;
#109 = DIRECTION ( 'NONE',  ( 1.000000000000000000, 0.0000000000000000000, 0.0000000000000000000 ) ) ;
#110 = VECTOR ( 'NONE', #391, 999.9999999999998900 ) ;
#111 = ORIENTED_EDGE ( 'NONE', *, *, #388, .F. ) ;
#112 = FACE_OUTER_BOUND ( 'NONE', #588, .T. ) ;
#113 = ORIENTED_EDGE ( 'NONE', *, *, #1049, .T. ) ;
#114 = ORIENTED_EDGE ( 'NONE', *, *, #1527, .T. ) ;
#115 = ORIENTED_EDGE ( 'NONE', *, *, #388, .T. ) ;
#116 = DIRECTION ( 'NONE',  ( 0.0000000000000000000, 0.0000000000000000000, 1.000000000000000000 ) ) ;
#117 = EDGE_CURVE ( 'NONE', #796, #1006, #486, .T. ) ;
#118 = ORIENTED_EDGE ( 'NONE', *, *, #1423, .F. ) ;
#119 = CARTESIAN_POINT ( 'NONE',  ( 1.099999999999999600, 0.0000000000000000000, -0.1000000000000000200 ) ) ;
#120 = PRODUCT_DEFINITION_CONTEXT ( 'detailed design', #2068, 'design' ) ;
#121 = ADVANCED_FACE ( 'NONE', ( #1587, #732 ), #1944, .T. ) ;
#122 = CARTESIAN_POINT ( 'NONE',  ( 0.2500000000000001100, 0.0000000000000000000, 0.0000000000000000000 ) ) ;
#123 = VECTOR ( 'NONE', #202, 1000.000000000000000 ) ;
#124 = DIRECTION ( 'NONE',  ( -0.0000000000000000000, -0.0000000000000000000, -1.000000000000000000 ) ) ;
#125 = CARTESIAN_POINT ( 'NONE',  ( 0.05000000000000533200, 0.0000000000000000000, -1.410000000000000100 ) ) ;
#126 = EDGE_CURVE ( 'NONE', #1605, #886, #806, .T. ) ;
#127 = CARTESIAN_POINT ( 'NONE',  ( 1.118221590299652000, 0.4664285855804951600, -1.534447737253461100 ) ) ;
#128 = CYLINDRICAL_SURFACE ( 'NONE', #2044, 0.09999999999999999200 ) ;
#129 = ADVANCED_FACE ( 'NONE', ( #372 ), #956, .F. ) ;
#130 = CARTESIAN_POINT ( 'NONE',  ( 0.0000000000000000000, 0.1200000000000000000, -0.2200000000000000000 ) ) ;
#131 = VECTOR ( 'NONE', #2117, 1000.000000000000000 ) ;
#132 = CARTESIAN_POINT ( 'NONE',  ( 1.108668250435000900, 0.4774782885429786300, -1.532718796268389900 ) ) ;
#133 = ORIENTED_EDGE ( 'NONE', *, *, #552, .T. ) ;
#134 = CARTESIAN_POINT ( 'NONE',  ( 0.1031779366114716900, 0.5117203509793349900, -0.08546417844506790100 ) ) ;
#135 = AXIS2_PLACEMENT_3D ( 'NONE', #2110, #1950, #627 ) ;
#136 = LINE ( 'NONE', #254, #192 ) ;
#137 = DIRECTION ( 'NONE',  ( 0.0000000000000000000, -1.000000000000000000, 0.0000000000000000000 ) ) ;
#138 = CARTESIAN_POINT ( 'NONE',  ( 0.1000000000000007100, 0.0000000000000000000, -1.600000000000000100 ) ) ;
#139 = LINE ( 'NONE', #805, #1036 ) ;
#140 = EDGE_LOOP ( 'NONE', ( #469, #1061, #111, #1220 ) ) ;
#141 = CARTESIAN_POINT ( 'NONE',  ( 1.118285263555645500, 0.5065720434484823900, -1.499569160938287300 ) ) ;
#142 = MECHANICAL_DESIGN_GEOMETRIC_PRESENTATION_REPRESENTATION (  '', ( #865 ), #215 ) ;
#143 = ORIENTED_EDGE ( 'NONE', *, *, #2012, .T. ) ;
#144 = CARTESIAN_POINT ( 'NONE',  ( 0.08335540315063265400, 0.5088063720853337500, -0.1090789490952780700 ) ) ;
#145 = ORIENTED_EDGE ( 'NONE', *, *, #1604, .T. ) ;
#146 = VERTEX_POINT ( 'NONE', #1955 ) ;
#147 = CARTESIAN_POINT ( 'NONE',  ( 1.117149138314039900, 0.4769830875876468500, -0.07074749002469886400 ) ) ;
#148 = DIRECTION ( 'NONE',  ( -0.0000000000000000000, -0.0000000000000000000, 1.000000000000000000 ) ) ;
#149 = CARTESIAN_POINT ( 'NONE',  ( 1.120170218963726800, 0.5035022091701009100, -1.493038648707665200 ) ) ;
#150 = EDGE_CURVE ( 'NONE', #1083, #1326, #1906, .T. ) ;
#151 = CARTESIAN_POINT ( 'NONE',  ( 0.09117481240902713900, 0.5184882929911093200, -0.1139715311354707600 ) ) ;
#152 = CARTESIAN_POINT ( 'NONE',  ( 0.04999999999999834400, 0.1200000000000000000, -0.4100000000000000900 ) ) ;
#153 = ADVANCED_FACE ( 'NONE', ( #182 ), #311, .T. ) ;
#154 = CARTESIAN_POINT ( 'NONE',  ( 0.1488021495243904100, 0.5481025635590709400, -1.457670100982467700 ) ) ;
#155 = DIRECTION ( 'NONE',  ( 0.0000000000000000000, 1.000000000000000000, 0.0000000000000000000 ) ) ;
#156 = DIRECTION ( 'NONE',  ( 0.0000000000000000000, -0.0000000000000000000, -1.000000000000000000 ) ) ;
#157 = CARTESIAN_POINT ( 'NONE',  ( 1.043600276343353600, 0.5500000000000000400, -0.1543154277973247400 ) ) ;
#158 = FACE_OUTER_BOUND ( 'NONE', #1382, .T. ) ;
#159 = ORIENTED_EDGE ( 'NONE', *, *, #1154, .F. ) ;
#160 = FACE_OUTER_BOUND ( 'NONE', #1842, .T. ) ;
#161 = CARTESIAN_POINT ( 'NONE',  ( 1.130613583498484100, 0.4658584665154679700, -1.517999136121179800 ) ) ;
#162 = ORIENTED_EDGE ( 'NONE', *, *, #733, .F. ) ;
#163 = ADVANCED_FACE ( 'NONE', ( #232 ), #497, .T. ) ;
#164 = CARTESIAN_POINT ( 'NONE',  ( 0.08894455854147195800, 0.5131773405098079000, -1.502198562136518800 ) ) ;
#165 = CARTESIAN_POINT ( 'NONE',  ( 0.09436488627188825700, 0.4903705520904058100, -0.07229204001363197200 ) ) ;
#166 = LINE ( 'NONE', #138, #1893 ) ;
#167 = ORIENTED_EDGE ( 'NONE', *, *, #1569, .F. ) ;
#168 = AXIS2_PLACEMENT_3D ( 'NONE', #268, #109, #780 ) ;
#169 = ORIENTED_EDGE ( 'NONE', *, *, #1935, .F. ) ;
#170 = CARTESIAN_POINT ( 'NONE',  ( 1.083253484627281400, 0.5228660509816516200, -0.09546859955305872500 ) ) ;
#171 = CARTESIAN_POINT ( 'NONE',  ( 0.1642261328679383000, 0.5500000000000000400, -1.435773867132061900 ) ) ;
#172 = VERTEX_POINT ( 'NONE', #826 ) ;
#173 = CARTESIAN_POINT ( 'NONE',  ( 1.080656213705046800, 0.5326182659714169300, -1.492587932269877200 ) ) ;
#174 = AXIS2_PLACEMENT_3D ( 'NONE', #2055, #1566, #567 ) ;
#175 = CARTESIAN_POINT ( 'NONE',  ( 0.09133174977144370400, 0.4774782884364035000, -1.532718796282174000 ) ) ;
#176 = CARTESIAN_POINT ( 'NONE',  ( 0.1224810664904872900, 0.5410029542705922000, -0.1312007863169130900 ) ) ;
#177 = CARTESIAN_POINT ( 'NONE',  ( 1.035773867132061500, 0.5500000000000000400, -0.1642261328679381100 ) ) ;
#178 = VECTOR ( 'NONE', #1374, 1000.000000000000100 ) ;
#179 = CARTESIAN_POINT ( 'NONE',  ( 1.083969552199666000, 0.5335113430898013000, -1.489935413172882100 ) ) ;
#180 = EDGE_CURVE ( 'NONE', #751, #1125, #1588, .T. ) ;
#182 = FACE_OUTER_BOUND ( 'NONE', #981, .T. ) ;
#181 = CARTESIAN_POINT ( 'NONE',  ( 0.1123375077983902500, 0.5357263191621871600, -1.476770937999859900 ) ) ;
#183 = DIRECTION ( 'NONE',  ( 0.0000000000000000000, 1.000000000000000000, 0.0000000000000000000 ) ) ;
#184 = CARTESIAN_POINT ( 'NONE',  ( 1.074108039431954700, 0.5424119827779000400, -0.1373515390253674000 ) ) ;
#185 = CARTESIAN_POINT ( 'NONE',  ( 1.087662491140844100, 0.5357263198290246300, -1.476770939406799200 ) ) ;
#186 = CARTESIAN_POINT ( 'NONE',  ( 0.09999893550288913000, 0.4750942994529840900, -1.533229850592529500 ) ) ;
#187 = VERTEX_POINT ( 'NONE', #1639 ) ;
#188 = CARTESIAN_POINT ( 'NONE',  ( 0.1295473434477835100, 0.5434921317825579500, -0.1333711487405885900 ) ) ;
#189 = EDGE_CURVE ( 'NONE', #62, #2091, #43, .T. ) ;
#190 = VERTEX_POINT ( 'NONE', #2125 ) ;
#191 = CARTESIAN_POINT ( 'NONE',  ( 1.064662780667862400, 0.5431320821136234000, -0.1276896086809714300 ) ) ;
#192 = VECTOR ( 'NONE', #1260, 1000.000000000000000 ) ;
#193 = EDGE_LOOP ( 'NONE', ( #686, #606 ) ) ;
#194 = CARTESIAN_POINT ( 'NONE',  ( 1.116394543602938300, 0.5095254425463928700, -1.490733876633177500 ) ) ;
#195 = CARTESIAN_POINT ( 'NONE',  ( 0.1139715311354862900, 0.5184882929911016600, -1.508825187590979500 ) ) ;
#196 = CARTESIAN_POINT ( 'NONE',  ( 0.1258919605680535500, 0.5424119827779031500, -0.1373515390253603200 ) ) ;
#197 = EDGE_LOOP ( 'NONE', ( #1401, #1444, #246, #613 ) ) ;
#198 = AXIS2_PLACEMENT_3D ( 'NONE', #238, #424, #58 ) ;
#199 = ORIENTED_EDGE ( 'NONE', *, *, #263, .F. ) ;
#200 = DIRECTION ( 'NONE',  ( -0.0000000000000000000, -0.0000000000000000000, -1.000000000000000000 ) ) ;
#201 = SHAPE_REPRESENTATION ( 'sot563_pin', ( #1443 ), #2003 ) ;
#202 = DIRECTION ( 'NONE',  ( -0.0000000000000000000, -0.0000000000000000000, 1.000000000000000000 ) ) ;
#203 = CARTESIAN_POINT ( 'NONE',  ( 0.2999999999999999900, 0.5200000000000000200, -1.200000000000000000 ) ) ;
#204 = CARTESIAN_POINT ( 'NONE',  ( 0.1264653479065536700, 0.5342570497108392000, -1.489955801147894800 ) ) ;
#205 = DIRECTION ( 'NONE',  ( 1.000000000000000000, 0.0000000000000000000, 0.0000000000000000000 ) ) ;
#206 = CARTESIAN_POINT ( 'NONE',  ( 0.0000000000000000000, 0.1200000000000000000, 0.0000000000000000000 ) ) ;
#207 = CARTESIAN_POINT ( 'NONE',  ( 0.1000000000000007000, 0.5500000000000000400, -1.435773867132061900 ) ) ;
#208 = DIRECTION ( 'NONE',  ( -0.0000000000000000000, -1.000000000000000000, -0.0000000000000000000 ) ) ;
#209 = CARTESIAN_POINT ( 'NONE',  ( 1.107793797054340100, 0.5194565838271434400, -1.485327146643640800 ) ) ;
#210 = APPLICATION_PROTOCOL_DEFINITION ( 'draft international standard', 'automotive_design', 1998, #2053 ) ;
#211 = AXIS2_PLACEMENT_3D ( 'NONE', #471, #1319, #2129 ) ;
#212 = VECTOR ( 'NONE', #2075, 1000.000000000000000 ) ;
#213 = CARTESIAN_POINT ( 'NONE',  ( 1.035773867132061500, 0.5500000000000000400, -0.1642261328679381300 ) ) ;
#214 = CARTESIAN_POINT ( 'NONE',  ( 0.2999999999999999900, 0.5200000000000000200, -1.300000000000000000 ) ) ;
#215 =( GEOMETRIC_REPRESENTATION_CONTEXT ( 3 ) GLOBAL_UNCERTAINTY_ASSIGNED_CONTEXT ( ( #1420 ) ) GLOBAL_UNIT_ASSIGNED_CONTEXT ( ( #1734, #1388, #1899 ) ) REPRESENTATION_CONTEXT ( 'NONE', 'WORKASPACE' ) );
#216 = ORIENTED_EDGE ( 'NONE', *, *, #324, .T. ) ;
#217 = CARTESIAN_POINT ( 'NONE',  ( 0.1000000000000002600, 0.4639173100960066700, -1.534800674006219000 ) ) ;
#218 = APPLICATION_PROTOCOL_DEFINITION ( 'draft international standard', 'automotive_design', 1998, #1218 ) ;
#219 = VECTOR ( 'NONE', #762, 1000.000000000000100 ) ;
#220 = ORIENTED_EDGE ( 'NONE', *, *, #294, .T. ) ;
#221 = VERTEX_POINT ( 'NONE', #1312 ) ;
#222 = CARTESIAN_POINT ( 'NONE',  ( 1.099999999999999400, 0.5500000000000000400, -0.1642261328679381300 ) ) ;
#223 = EDGE_CURVE ( 'NONE', #848, #146, #2074, .T. ) ;
#224 = ORIENTED_EDGE ( 'NONE', *, *, #263, .T. ) ;
#225 = ORIENTED_EDGE ( 'NONE', *, *, #2056, .F. ) ;
#226 = CARTESIAN_POINT ( 'NONE',  ( 0.0000000000000000000, 0.0000000000000000000, -1.499999999999999300 ) ) ;
#227 = ORIENTED_EDGE ( 'NONE', *, *, #529, .T. ) ;
#228 = CARTESIAN_POINT ( 'NONE',  ( 1.055041792730177600, 0.5467249596988693600, -1.463501305743271800 ) ) ;
#229 = CARTESIAN_POINT ( 'NONE',  ( 1.120170218963727900, 0.5035022091701001300, -0.1069613512923354000 ) ) ;
#230 = FACE_OUTER_BOUND ( 'NONE', #293, .T. ) ;
#231 = PLANE ( 'NONE',  #198 ) ;
#232 = FACE_OUTER_BOUND ( 'NONE', #384, .T. ) ;
#233 = FILL_AREA_STYLE_COLOUR ( '', #1547 ) ;
#234 = ADVANCED_FACE ( 'NONE', ( #71 ), #1164, .T. ) ;
#235 = CARTESIAN_POINT ( 'NONE',  ( 1.099999999999999000, 0.4639173100960066700, -1.534800674006219000 ) ) ;
#236 = ITEM_DEFINED_TRANSFORMATION ( 'NONE', 'NONE', #1071,  #1443 ) ;
#237 = ITEM_DEFINED_TRANSFORMATION ( 'NONE', 'NONE', #2103,  #1443 ) ;
#238 = CARTESIAN_POINT ( 'NONE',  ( 0.2500000000000001100, 0.1200000000000000000, 0.0000000000000000000 ) ) ;
#239 = PRESENTATION_STYLE_ASSIGNMENT (( #2097 ) ) ;
#240 = SURFACE_STYLE_USAGE ( .BOTH. , #904 ) ;
#241 = AXIS2_PLACEMENT_3D ( 'NONE', #38, #1548, #1047 ) ;
#242 = VERTEX_POINT ( 'NONE', #1472 ) ;
#243 = CARTESIAN_POINT ( 'NONE',  ( 1.183135099835712600, 0.1200000000000000000, -0.4100000000000000900 ) ) ;
#244 = CARTESIAN_POINT ( 'NONE',  ( 0.05000000000000009300, 0.1200000000000000000, -0.6900000000000000600 ) ) ;
#245 = VECTOR ( 'NONE', #1936, 1000.000000000000000 ) ;
#246 = ORIENTED_EDGE ( 'NONE', *, *, #1752, .T. ) ;
#247 = LINE ( 'NONE', #760, #1035 ) ;
#248 = ORIENTED_EDGE ( 'NONE', *, *, #64, .F. ) ;
#249 = CARTESIAN_POINT ( 'NONE',  ( 1.149999999999994600, 0.1200000000000000000, -1.410000000000000100 ) ) ;
#250 = COLOUR_RGB ( '',0.4980392156862745200, 0.4980392156862745200, 0.4980392156862745200 ) ;
#251 = ORIENTED_EDGE ( 'NONE', *, *, #31, .F. ) ;
#252 = CARTESIAN_POINT ( 'NONE',  ( 0.1488021495243853100, 0.5481025635590731600, -0.1423298990175363400 ) ) ;
#253 = ORIENTED_EDGE ( 'NONE', *, *, #900, .F. ) ;
#254 = CARTESIAN_POINT ( 'NONE',  ( 0.0000000000000000000, 0.0000000000000000000, 0.0000000000000000000 ) ) ;
#255 = ORIENTED_EDGE ( 'NONE', *, *, #1787, .F. ) ;
#256 = AXIS2_PLACEMENT_3D ( 'NONE', #1514, #1191, #11 ) ;
#257 = CARTESIAN_POINT ( 'NONE',  ( 1.099999999999999600, 0.0000000000000000000, -1.500000000000000000 ) ) ;
#258 = AXIS2_PLACEMENT_3D ( 'NONE', #402, #573, #556 ) ;
#259 = CARTESIAN_POINT ( 'NONE',  ( 0.1373515390253604900, 0.5424119827779031500, -0.1258919605680534100 ) ) ;
#260 = CARTESIAN_POINT ( 'NONE',  ( 0.1000000000000011300, 0.4639173100960066200, -0.06519932599378107400 ) ) ;
#261 = PLANE ( 'NONE',  #1958 ) ;
#262 = CARTESIAN_POINT ( 'NONE',  ( 0.0000000000000000000, 0.0000000000000000000, -1.499999999999999300 ) ) ;
#263 = EDGE_CURVE ( 'NONE', #62, #187, #624, .T. ) ;
#264 = CARTESIAN_POINT ( 'NONE',  ( 1.100002237402378800, 0.4874095509534554500, -1.531499054867083500 ) ) ;
#265 = EDGE_CURVE ( 'NONE', #1780, #1324, #368, .T. ) ;
#266 = DIRECTION ( 'NONE',  ( 1.000000000000000000, 0.0000000000000000000, -0.0000000000000000000 ) ) ;
#267 = LINE ( 'NONE', #420, #1595 ) ;
#268 = CARTESIAN_POINT ( 'NONE',  ( 0.04999999999999834400, 0.1200000000000000000, -0.4100000000000000900 ) ) ;
#269 = LINE ( 'NONE', #966, #1000 ) ;
#270 = CARTESIAN_POINT ( 'NONE',  ( 0.1423298990180112100, 0.5481025635591642000, -0.1488021495239370000 ) ) ;
#271 = AXIS2_PLACEMENT_3D ( 'NONE', #1738, #1590, #266 ) ;
#272 = VECTOR ( 'NONE', #463, 1000.000000000000000 ) ;
#273 = VERTEX_POINT ( 'NONE', #527 ) ;
#274 = CARTESIAN_POINT ( 'NONE',  ( 1.149999999999994600, 0.1200000000000000000, -1.190000000000000200 ) ) ;
#275 = LINE ( 'NONE', #226, #660 ) ;
#276 = VERTEX_POINT ( 'NONE', #1845 ) ;
#277 = DIRECTION ( 'NONE',  ( -0.0000000000000000000, -1.000000000000000000, -0.0000000000000000000 ) ) ;
#278 = EDGE_LOOP ( 'NONE', ( #297, #159, #1016, #1680 ) ) ;
#279 = LINE ( 'NONE', #125, #852 ) ;
#280 = CARTESIAN_POINT ( 'NONE',  ( 0.2999999999999999900, 0.5200000000000000200, -1.200000000000000000 ) ) ;
#281 = ORIENTED_EDGE ( 'NONE', *, *, #563, .F. ) ;
#282 = CARTESIAN_POINT ( 'NONE',  ( 0.05000000000000533200, 0.0000000000000000000, -1.410000000000000100 ) ) ;
#283 = PLANE ( 'NONE',  #507 ) ;
#284 = PRESENTATION_LAYER_ASSIGNMENT (  '', '', ( #537 ) ) ;
#285 = DIRECTION ( 'NONE',  ( -0.0000000000000000000, -0.0000000000000000000, -1.000000000000000000 ) ) ;
#286 = CARTESIAN_POINT ( 'NONE',  ( 0.0000000000000000000, 0.0000000000000000000, -0.1000000000000007100 ) ) ;
#287 =( GEOMETRIC_REPRESENTATION_CONTEXT ( 3 ) GLOBAL_UNCERTAINTY_ASSIGNED_CONTEXT ( ( #1329 ) ) GLOBAL_UNIT_ASSIGNED_CONTEXT ( ( #1550, #551, #727 ) ) REPRESENTATION_CONTEXT ( 'NONE', 'WORKASPACE' ) );
#288 = CARTESIAN_POINT ( 'NONE',  ( 0.1069613512892175300, 0.5035022091715666300, -1.520170218962826100 ) ) ;
#289 = FILL_AREA_STYLE_COLOUR ( '', #788 ) ;
#290 = CARTESIAN_POINT ( 'NONE',  ( 0.08335540315146390500, 0.5088063720864822700, -0.1090789490929520400 ) ) ;
#291 = CARTESIAN_POINT ( 'NONE',  ( 0.05000000000000009300, 0.1200000000000000000, -0.6900000000000000600 ) ) ;
#292 = EDGE_CURVE ( 'NONE', #1780, #641, #422, .T. ) ;
#293 = EDGE_LOOP ( 'NONE', ( #487, #901, #334, #467 ) ) ;
#294 = EDGE_CURVE ( 'NONE', #985, #1056, #1459, .T. ) ;
#295 = CARTESIAN_POINT ( 'NONE',  ( 0.08177840970034869200, 0.4664285855804950500, -0.06555226274653833100 ) ) ;
#296 = VECTOR ( 'NONE', #1273, 1000.000000000000000 ) ;
#297 = ORIENTED_EDGE ( 'NONE', *, *, #1569, .T. ) ;
#298 = LINE ( 'NONE', #1436, #2085 ) ;
#299 = ADVANCED_FACE ( 'NONE', ( #230 ), #909, .T. ) ;
#300 = DIRECTION ( 'NONE',  ( -1.000000000000000000, 0.0000000000000000000, -0.0000000000000000000 ) ) ;
#301 = CARTESIAN_POINT ( 'NONE',  ( 0.1090789490924757400, 0.5088063720867180800, -1.516644596848364800 ) ) ;
#302 = VECTOR ( 'NONE', #24, 1000.000000000000100 ) ;
#303 = ORIENTED_EDGE ( 'NONE', *, *, #2009, .F. ) ;
#304 = ORIENTED_EDGE ( 'NONE', *, *, #1298, .F. ) ;
#305 = DIRECTION ( 'NONE',  ( -1.000000000000000000, -0.0000000000000000000, 0.0000000000000000000 ) ) ;
#306 = UNCERTAINTY_MEASURE_WITH_UNIT (LENGTH_MEASURE( 1.000000000000000100E-005 ), #1045, 'distance_accuracy_value', 'NONE');
#307 = ORIENTED_EDGE ( 'NONE', *, *, #2056, .T. ) ;
#308 = DIRECTION ( 'NONE',  ( -0.0000000000000000000, -1.000000000000000000, -0.0000000000000000000 ) ) ;
#309 = CARTESIAN_POINT ( 'NONE',  ( 0.1000000000000003800, 0.4639173100960067300, -1.534800674006219000 ) ) ;
#310 = CARTESIAN_POINT ( 'NONE',  ( 1.092940602479186800, 0.5041820399046521600, -0.07993741259073197700 ) ) ;
#311 = CONICAL_SURFACE ( 'NONE', #892, 0.1000000000000000300, 0.1396263401595466700 ) ;
#312 = CARTESIAN_POINT ( 'NONE',  ( 1.109389904868157000, 0.4652114143706228000, -0.06538120048872757300 ) ) ;
#313 = ADVANCED_FACE ( 'NONE', ( #1967 ), #1278, .F. ) ;
#314 = DIRECTION ( 'NONE',  ( -0.0000000000000000000, -0.9902680687415703600, -0.1391731009600657700 ) ) ;
#315 = CARTESIAN_POINT ( 'NONE',  ( 1.099999999999999000, 0.4639173100960066200, -1.534800674006219200 ) ) ;
#316 = CARTESIAN_POINT ( 'NONE',  ( 0.1091059288921454500, 0.5209644635970887000, -0.09351043124116280300 ) ) ;
#317 = CARTESIAN_POINT ( 'NONE',  ( 1.199999999999999700, 0.0000000000000000000, -0.6899999999999998400 ) ) ;
#318 = VECTOR ( 'NONE', #385, 1000.000000000000000 ) ;
#319 = CARTESIAN_POINT ( 'NONE',  ( 1.090921050904708300, 0.5088063720853248700, -1.516644596849374000 ) ) ;
#320 = ADVANCED_FACE ( 'NONE', ( #825 ), #791, .F. ) ;
#321 = VERTEX_POINT ( 'NONE', #1120 ) ;
#322 = CARTESIAN_POINT ( 'NONE',  ( 0.1167465153727069400, 0.5228660509816590600, -0.09546859955306695500 ) ) ;
#323 = ADVANCED_BREP_SHAPE_REPRESENTATION ( '', ( #1578, #1443 ), #1337 ) ;
#324 = EDGE_CURVE ( 'NONE', #2091, #221, #279, .T. ) ;
#325 = LINE ( 'NONE', #1568, #30 ) ;
#326 = CARTESIAN_POINT ( 'NONE',  ( 0.07982978103702106900, 0.5035022091713181600, -0.1069613512897468200 ) ) ;
#327 = FACE_OUTER_BOUND ( 'NONE', #2027, .T. ) ;
#328 = ORIENTED_EDGE ( 'NONE', *, *, #601, .T. ) ;
#329 = CARTESIAN_POINT ( 'NONE',  ( 0.1563997236566377100, 0.5500000000000000400, -1.445684572202663200 ) ) ;
#330 = LINE ( 'NONE', #939, #616 ) ;
#331 = AXIS2_PLACEMENT_3D ( 'NONE', #1085, #2070, #1406 ) ;
#332 = ORIENTED_EDGE ( 'NONE', *, *, #74, .F. ) ;
#333 = PLANE ( 'NONE',  #1222 ) ;
#334 = ORIENTED_EDGE ( 'NONE', *, *, #742, .F. ) ;
#335 = CARTESIAN_POINT ( 'NONE',  ( 1.046212525087769200, 0.5500000000000000400, -0.1568832044650403400 ) ) ;
#336 = ADVANCED_FACE ( 'NONE', ( #160 ), #1796, .T. ) ;
#337 = PLANE ( 'NONE',  #1067 ) ;
#338 = CARTESIAN_POINT ( 'NONE',  ( 0.1548476197688010400, 0.5500000000000000400, -1.444110232189488300 ) ) ;
#339 = CARTESIAN_POINT ( 'NONE',  ( 1.098029562446994900, 0.4873703522333587800, -1.528965043671878900 ) ) ;
#340 = EDGE_CURVE ( 'NONE', #1033, #1892, #330, .T. ) ;
#341 = CARTESIAN_POINT ( 'NONE',  ( 0.09546859955305807300, 0.5228660509816505100, -1.483253484627280500 ) ) ;
#342 = CARTESIAN_POINT ( 'NONE',  ( 0.1019704375529974100, 0.4873703522333644500, -0.07103495632812366300 ) ) ;
#343 = VECTOR ( 'NONE', #1272, 1000.000000000000000 ) ;
#344 = CARTESIAN_POINT ( 'NONE',  ( 1.062648460974631200, 0.5424119827778999300, -0.1258919605680450500 ) ) ;
#345 = DIRECTION ( 'NONE',  ( 1.000000000000000000, -0.0000000000000000000, -0.0000000000000000000 ) ) ;
#346 = CARTESIAN_POINT ( 'NONE',  ( 0.1642261328679383600, 0.5500000000000000400, -1.435773867132061900 ) ) ;
#347 = ITEM_DEFINED_TRANSFORMATION ( 'NONE', 'NONE', #1978,  #1443 ) ;
#348 = CARTESIAN_POINT ( 'NONE',  ( 1.072310391319014200, 0.5431320821136209600, -1.464662780667879800 ) ) ;
#349 = EDGE_CURVE ( 'NONE', #1186, #913, #1959, .T. ) ;
#350 = CARTESIAN_POINT ( 'NONE',  ( 0.1050112487379505800, 0.5308321127576389700, -1.476933756680518300 ) ) ;
#351 = CARTESIAN_POINT ( 'NONE',  ( 0.1488021495243853100, 0.5481025635590731600, -0.1423298990175363400 ) ) ;
#352 = CARTESIAN_POINT ( 'NONE',  ( 1.045684572215145100, 0.5500000000000000400, -0.1563997237561108000 ) ) ;
#353 = SURFACE_STYLE_FILL_AREA ( #1592 ) ;
#354 = EDGE_LOOP ( 'NONE', ( #1632, #1817, #522 ) ) ;
#355 = VECTOR ( 'NONE', #1194, 1000.000000000000100 ) ;
#356 = CARTESIAN_POINT ( 'NONE',  ( 1.102147565646584000, 0.5250652817483026900, -1.487635802681440900 ) ) ;
#357 = ORIENTED_EDGE ( 'NONE', *, *, #479, .T. ) ;
#358 = CIRCLE ( 'NONE', #2039, 0.1000000000000000500 ) ;
#359 = VERTEX_POINT ( 'NONE', #1782 ) ;
#360 = CARTESIAN_POINT ( 'NONE',  ( 1.104531400446943800, 0.5228660509816496200, -0.1167465153727204900 ) ) ;
#361 = ORIENTED_EDGE ( 'NONE', *, *, #1376, .T. ) ;
#362 = CARTESIAN_POINT ( 'NONE',  ( 1.070452656552210300, 0.5434921317825509600, -1.466628851259391200 ) ) ;
#363 = ORIENTED_EDGE ( 'NONE', *, *, #1311, .T. ) ;
#364 = CARTESIAN_POINT ( 'NONE',  ( 0.08171473645712441800, 0.5065720435750815700, -1.499569161410873300 ) ) ;
#365 = CARTESIAN_POINT ( 'NONE',  ( 0.1476658464725334500, 0.5483337186197647700, -0.1435342879258619500 ) ) ;
#366 = CARTESIAN_POINT ( 'NONE',  ( 1.075441678414722900, 0.5414809388381017800, -0.1289181823796135300 ) ) ;
#367 = CARTESIAN_POINT ( 'NONE',  ( 0.0000000000000000000, 0.1200000000000000000, 0.0000000000000000000 ) ) ;
#368 = LINE ( 'NONE', #379, #123 ) ;
#369 = CARTESIAN_POINT ( 'NONE',  ( 1.089935410827402200, 0.5335113436012969300, -1.483969554926589000 ) ) ;
#370 = CARTESIAN_POINT ( 'NONE',  ( 1.150000000000001700, 0.1200000000000000000, -0.1900000000000000600 ) ) ;
#372 = FACE_OUTER_BOUND ( 'NONE', #1819, .T. ) ;
#371 = CARTESIAN_POINT ( 'NONE',  ( 0.07229204001350789100, 0.4903705520901480700, -1.505635113728197800 ) ) ;
#373 = CARTESIAN_POINT ( 'NONE',  ( 0.1568832044650403100, 0.5500000000000000400, -0.1537874749122336300 ) ) ;
#374 = EDGE_CURVE ( 'NONE', #1190, #1564, #421, .T. ) ;
#375 =( NAMED_UNIT ( * ) SI_UNIT ( $, .STERADIAN. ) SOLID_ANGLE_UNIT ( ) );
#376 = CARTESIAN_POINT ( 'NONE',  ( 1.149999999999994600, 0.1200000000000000000, -1.410000000000000100 ) ) ;
#377 =( GEOMETRIC_REPRESENTATION_CONTEXT ( 3 ) GLOBAL_UNCERTAINTY_ASSIGNED_CONTEXT ( ( #306 ) ) GLOBAL_UNIT_ASSIGNED_CONTEXT ( ( #1045, #1054, #375 ) ) REPRESENTATION_CONTEXT ( 'NONE', 'WORKASPACE' ) );
#378 = LINE ( 'NONE', #1117, #1938 ) ;
#379 = CARTESIAN_POINT ( 'NONE',  ( 1.134800674006218400, 0.4639173100960066700, -0.1000000000000007100 ) ) ;
#380 = CARTESIAN_POINT ( 'NONE',  ( 1.110049053936290600, 0.5170368523383840300, -1.486761602332484600 ) ) ;
#381 = CARTESIAN_POINT ( 'NONE',  ( 0.1642261328679382500, 0.5500000000000000400, -0.1642261328679381300 ) ) ;
#382 = EDGE_CURVE ( 'NONE', #273, #796, #1851, .T. ) ;
#383 = COLOUR_RGB ( '',0.1019607843137254900, 0.1019607843137254900, 0.1019607843137254900 ) ;
#384 = EDGE_LOOP ( 'NONE', ( #2109, #1005, #1040, #1990 ) ) ;
#385 = DIRECTION ( 'NONE',  ( -0.0000000000000000000, -1.000000000000000000, -0.0000000000000000000 ) ) ;
#386 = CARTESIAN_POINT ( 'NONE',  ( 1.079515445232847000, 0.5400469847209707900, -0.1336079957594952800 ) ) ;
#387 = LINE ( 'NONE', #1580, #1812 ) ;
#388 = EDGE_CURVE ( 'NONE', #1350, #985, #795, .T. ) ;
#389 = FACE_OUTER_BOUND ( 'NONE', #1216, .T. ) ;
#390 = VECTOR ( 'NONE', #472, 1000.000000000000000 ) ;
#391 = DIRECTION ( 'NONE',  ( -0.1391731009600657700, -0.9902680687415703600, -9.619350873793540800E-016 ) ) ;
#392 = FILL_AREA_STYLE_COLOUR ( '', #997 ) ;
#393 = ORIENTED_EDGE ( 'NONE', *, *, #1743, .F. ) ;
#394 = STYLED_ITEM ( 'NONE', ( #1835 ), #1127 ) ;
#395 = ORIENTED_EDGE ( 'NONE', *, *, #452, .F. ) ;
#396 = CARTESIAN_POINT ( 'NONE',  ( 1.199999999999999700, 0.0000000000000000000, -0.1000000000000007100 ) ) ;
#397 = CARTESIAN_POINT ( 'NONE',  ( 1.199999999999999700, 0.0000000000000000000, -1.410000000000000100 ) ) ;
#398 = CARTESIAN_POINT ( 'NONE',  ( 0.1000000000000007300, -1.867791374968444800E-018, -1.600000000000000100 ) ) ;
#399 =( LENGTH_UNIT ( ) NAMED_UNIT ( * ) SI_UNIT ( .MILLI., .METRE. ) );
#400 = CARTESIAN_POINT ( 'NONE',  ( 0.0000000000000000000, 0.1200000000000000000, 0.0000000000000000000 ) ) ;
#401 = CARTESIAN_POINT ( 'NONE',  ( 1.046212525087769200, 0.5500000000000000400, -0.1568832044650403400 ) ) ;
#402 = CARTESIAN_POINT ( 'NONE',  ( 0.0000000000000000000, 0.0000000000000000000, 0.0000000000000000000 ) ) ;
#403 = CONTEXT_DEPENDENT_SHAPE_REPRESENTATION ( #1746, #1452 ) ;
#404 = CARTESIAN_POINT ( 'NONE',  ( 0.04999999999999834400, 0.1200000000000000000, -0.1900000000000000600 ) ) ;
#405 =( GEOMETRIC_REPRESENTATION_CONTEXT ( 3 ) GLOBAL_UNCERTAINTY_ASSIGNED_CONTEXT ( ( #938 ) ) GLOBAL_UNIT_ASSIGNED_CONTEXT ( ( #1048, #1066, #59 ) ) REPRESENTATION_CONTEXT ( 'NONE', 'WORKASPACE' ) );
#406 = ORIENTED_EDGE ( 'NONE', *, *, #1077, .F. ) ;
#407 = PRODUCT_CONTEXT ( 'NONE', #1211, 'mechanical' ) ;
#408 = CIRCLE ( 'NONE', #241, 0.1000000000000000500 ) ;
#409 = ORIENTED_EDGE ( 'NONE', *, *, #1144, .T. ) ;
#410 = CYLINDRICAL_SURFACE ( 'NONE', #757, 0.1000000000000000500 ) ;
#411 = CARTESIAN_POINT ( 'NONE',  ( 0.1000000000000007100, 0.4639173100960065100, -0.06519932599378107400 ) ) ;
#412 = PRODUCT_DEFINITION_SHAPE ( 'NONE', 'NONE',  #2166 ) ;
#413 = EDGE_CURVE ( 'NONE', #1326, #1186, #2089, .T. ) ;
#414 = ORIENTED_EDGE ( 'NONE', *, *, #2051, .F. ) ;
#415 = EDGE_CURVE ( 'NONE', #1262, #273, #1558, .T. ) ;
#416 = ORIENTED_EDGE ( 'NONE', *, *, #1640, .T. ) ;
#417 = DIRECTION ( 'NONE',  ( -1.000000000000000000, 0.0000000000000000000, -0.0000000000000000000 ) ) ;
#418 =( REPRESENTATION_RELATIONSHIP ('NONE','NONE', #1930, #201 ) REPRESENTATION_RELATIONSHIP_WITH_TRANSFORMATION ( #237 )SHAPE_REPRESENTATION_RELATIONSHIP( ) );
#419 = ORIENTED_EDGE ( 'NONE', *, *, #711, .T. ) ;
#420 = CARTESIAN_POINT ( 'NONE',  ( 0.2500000000000001100, 0.1200000000000000000, 0.0000000000000000000 ) ) ;
#421 = B_SPLINE_CURVE_WITH_KNOTS ( 'NONE', 3,
 ( #1610, #295, #1107, #431 ),
 .UNSPECIFIED., .F., .F.,
 ( 4, 4 ),
 ( 0.0000000000000000000, 1.000000000000000000 ),
 .UNSPECIFIED. ) ;
#422 = LINE ( 'NONE', #543, #1660 ) ;
#423 = CARTESIAN_POINT ( 'NONE',  ( 0.1568832044650403100, 0.5500000000000000400, -0.1537874749122336300 ) ) ;
#424 = DIRECTION ( 'NONE',  ( -1.000000000000000000, 0.0000000000000000000, 4.928191693115927800E-016 ) ) ;
#425 = FACE_OUTER_BOUND ( 'NONE', #429, .T. ) ;
#426 = AXIS2_PLACEMENT_3D ( 'NONE', #945, #2101, #104 ) ;
#427 = DIRECTION ( 'NONE',  ( 0.1391731009600657400, -0.9902680687415702500, -0.0000000000000000000 ) ) ;
#428 = PRESENTATION_STYLE_ASSIGNMENT (( #1487 ) ) ;
#429 = EDGE_LOOP ( 'NONE', ( #65, #542, #1377, #1735, #304, #505, #393, #1584, #977, #519, #2015, #1243, #281, #615, #167, #225, #1700, #1210, #1041, #957, #980, #1078, #9, #949, #1058, #1292, #1019, #162, #406, #53, #1915, #1345 ) ) ;
#430 = DIRECTION ( 'NONE',  ( 1.000000000000000000, 0.0000000000000000000, -0.0000000000000000000 ) ) ;
#431 = CARTESIAN_POINT ( 'NONE',  ( 0.06519932599378110100, 0.4639173100960066700, -0.1000000000000002600 ) ) ;
#432 = VECTOR ( 'NONE', #713, 1000.000000000000000 ) ;
#433 = CLOSED_SHELL ( 'NONE', ( #1460, #1828, #1127, #447, #1933, #1629 ) ) ;
#434 = CARTESIAN_POINT ( 'NONE',  ( 0.08095161946263212900, 0.5116208216303201900, -1.492941162102809700 ) ) ;
#435 = LINE ( 'NONE', #1146, #32 ) ;
#436 = LINE ( 'NONE', #274, #390 ) ;
#437 = SURFACE_STYLE_USAGE ( .BOTH. , #929 ) ;
#438 = ORIENTED_EDGE ( 'NONE', *, *, #589, .F. ) ;
#439 = ORIENTED_EDGE ( 'NONE', *, *, #995, .T. ) ;
#440 = DIRECTION ( 'NONE',  ( -0.0000000000000000000, -1.000000000000000000, -0.0000000000000000000 ) ) ;
#441 = CARTESIAN_POINT ( 'NONE',  ( 1.150000000000001700, 0.1200000000000000000, -0.4100000000000000900 ) ) ;
#442 = EDGE_CURVE ( 'NONE', #659, #1564, #1274, .T. ) ;
#443 = ORIENTED_EDGE ( 'NONE', *, *, #779, .T. ) ;
#444 = AXIS2_PLACEMENT_3D ( 'NONE', #1074, #69, #1245 ) ;
#445 = DIRECTION ( 'NONE',  ( 1.000000000000000000, -0.0000000000000000000, -0.0000000000000000000 ) ) ;
#446 = DIRECTION ( 'NONE',  ( 0.0000000000000000000, 1.000000000000000000, 0.0000000000000000000 ) ) ;
#447 = ADVANCED_FACE ( 'NONE', ( #1652 ), #944, .F. ) ;
#448 = DIRECTION ( 'NONE',  ( 0.0000000000000000000, 0.0000000000000000000, -1.000000000000000000 ) ) ;
#449 = CARTESIAN_POINT ( 'NONE',  ( 0.01686490016428701000, 0.1200000000000000000, -1.190000000000000200 ) ) ;
#450 = DIRECTION ( 'NONE',  ( -0.0000000000000000000, -1.000000000000000000, -0.0000000000000000000 ) ) ;
#451 = FILL_AREA_STYLE ('',( #2122 ) ) ;
#452 = EDGE_CURVE ( 'NONE', #172, #242, #924, .T. ) ;
#453 = SURFACE_STYLE_FILL_AREA ( #39 ) ;
#454 = CARTESIAN_POINT ( 'NONE',  ( 0.05000000000000009300, 0.1200000000000000000, -0.9100000000000001400 ) ) ;
#455 = VECTOR ( 'NONE', #124, 1000.000000000000000 ) ;
#456 = CARTESIAN_POINT ( 'NONE',  ( 0.1050112487389075100, 0.5308321127583512900, -0.1230662433180041600 ) ) ;
#457 = CARTESIAN_POINT ( 'NONE',  ( 0.01686490016428701700, 0.1200000000000000000, -0.1900000000000000600 ) ) ;
#458 = ORIENTED_EDGE ( 'NONE', *, *, #223, .T. ) ;
#459 = CARTESIAN_POINT ( 'NONE',  ( 0.04999999999999834400, 0.0000000000000000000, -0.4100000000000000900 ) ) ;
#460 = ORIENTED_EDGE ( 'NONE', *, *, #1640, .F. ) ;
#461 = CARTESIAN_POINT ( 'NONE',  ( 0.01686490016428701700, 0.1200000000000000000, -0.6900000000000000600 ) ) ;
#462 = LINE ( 'NONE', #925, #688 ) ;
#463 = DIRECTION ( 'NONE',  ( 0.0000000000000000000, 0.0000000000000000000, 1.000000000000000000 ) ) ;
#464 = DIRECTION ( 'NONE',  ( -0.0000000000000000000, -1.000000000000000000, -0.0000000000000000000 ) ) ;
#465 = VERTEX_POINT ( 'NONE', #1264 ) ;
#466 = B_SPLINE_SURFACE_WITH_KNOTS ( 'NONE', 3, 3, ( 
 ( #2126, #987, #2140, #494, #1158, #309 ),
 ( #1497, #1474, #476, #1635, #175, #186 ),
 ( #1847, #371, #1528, #19, #2019, #1360 ),
 ( #681, #364, #1860, #867, #2010, #1829 ),
 ( #1195, #1666, #164, #1853, #834, #1838 ),
 ( #1338, #2004, #839, #1014, #1538, #195 ),
 ( #341, #1367, #1004, #1509, #2155, #1170 ),
 ( #350, #859, #1516, #1674, #1021, #849 ),
 ( #1176, #181, #1880, #874, #1693, #204 ),
 ( #2033, #708, #884, #700, #1871, #538 ),
 ( #2041, #1197, #893, #1695, #99, #1461 ),
 ( #927, #1603, #1275, #513, #1815, #154 ),
 ( #1330, #1488, #338, #2001, #329, #1656 ),
 ( #999, #2152, #1663, #668, #171, #346 ) ),
 .UNSPECIFIED., .F., .F., .F.,
 ( 4, 2, 2, 2, 2, 2, 4 ),
 ( 4, 2, 4 ),
 ( 0.0000000000000000000, 0.2284727668882807800, 0.3551510197448705700, 0.4818292726014603600, 0.6138194626480477600, 0.7458096526946351700, 1.000000000000000000 ),
 ( 0.0000000000000000000, 0.5000000000000000000, 1.000000000000000000 ),
 .UNSPECIFIED. ) ;
#467 = ORIENTED_EDGE ( 'NONE', *, *, #265, .F. ) ;
#468 = SURFACE_SIDE_STYLE ('',( #1672 ) ) ;
#469 = ORIENTED_EDGE ( 'NONE', *, *, #1743, .T. ) ;
#470 = ADVANCED_FACE ( 'NONE', ( #2142 ), #2088, .T. ) ;
#471 = CARTESIAN_POINT ( 'NONE',  ( 0.1000000000000000200, 0.0000000000000000000, -0.1000000000000000200 ) ) ;
#472 = DIRECTION ( 'NONE',  ( -1.000000000000000000, -0.0000000000000000000, -0.0000000000000000000 ) ) ;
#473 =( NAMED_UNIT ( * ) SI_UNIT ( $, .STERADIAN. ) SOLID_ANGLE_UNIT ( ) );
#474 = CARTESIAN_POINT ( 'NONE',  ( 1.134800674006218400, 0.4639173100960066200, -0.1000000000000007000 ) ) ;
#475 = DIRECTION ( 'NONE',  ( 0.0000000000000000000, 0.0000000000000000000, 1.000000000000000000 ) ) ;
#476 = CARTESIAN_POINT ( 'NONE',  ( 0.07074749005758698700, 0.4769830875950470400, -1.517149138401231000 ) ) ;
#477 = CARTESIAN_POINT ( 'NONE',  ( 0.0000000000000000000, 0.0000000000000000000, -0.1900000000000000600 ) ) ;
#478 = SURFACE_STYLE_FILL_AREA ( #1206 ) ;
#479 = EDGE_CURVE ( 'NONE', #2069, #1502, #435, .T. ) ;
#480 = CARTESIAN_POINT ( 'NONE',  ( 1.199999999999999700, 0.0000000000000000000, -0.1000000000000007100 ) ) ;
#481 = CARTESIAN_POINT ( 'NONE',  ( 0.05000000000000009300, 0.1200000000000000000, -0.6900000000000000600 ) ) ;
#482 = ORIENTED_EDGE ( 'NONE', *, *, #523, .T. ) ;
#483 = AXIS2_PLACEMENT_3D ( 'NONE', #891, #1544, #1060 ) ;
#484 = CARTESIAN_POINT ( 'NONE',  ( 0.08523237265670236000, 0.5081069606508297200, -0.09459042420804428300 ) ) ;
#485 = VECTOR ( 'NONE', #1934, 1000.000000000000000 ) ;
#486 = LINE ( 'NONE', #1451, #1214 ) ;
#487 = ORIENTED_EDGE ( 'NONE', *, *, #1346, .T. ) ;
#488 = CARTESIAN_POINT ( 'NONE',  ( 0.0000000000000000000, 0.0000000000000000000, 0.0000000000000000000 ) ) ;
#489 = ADVANCED_FACE ( 'NONE', ( #1505 ), #1758, .T. ) ;
#490 = EDGE_LOOP ( 'NONE', ( #1464, #1155, #693, #1375, #1925, #113, #724, #906, #1712, #1511, #2112, #1705, #1846, #1473, #1762, #2063 ) ) ;
#491 = ORIENTED_EDGE ( 'NONE', *, *, #1946, .F. ) ;
#492 = CARTESIAN_POINT ( 'NONE',  ( 1.114535821373080300, 0.5117203511465842100, -1.496822063684221500 ) ) ;
#493 = EDGE_CURVE ( 'NONE', #242, #359, #166, .T. ) ;
#494 = CARTESIAN_POINT ( 'NONE',  ( 0.08200086387882016300, 0.4658584665154680300, -1.530613583498484900 ) ) ;
#495 = CARTESIAN_POINT ( 'NONE',  ( 0.1082366377521557200, 0.5261648961569169700, -0.1009807531940537400 ) ) ;
#496 = CARTESIAN_POINT ( 'NONE',  ( 1.127707959986385100, 0.4903705520904165200, -0.09436488627190776900 ) ) ;
#497 = PLANE ( 'NONE',  #1108 ) ;
#498 = ADVANCED_FACE ( 'NONE', ( #639 ), #1310, .F. ) ;
#499 = CARTESIAN_POINT ( 'NONE',  ( 0.06728120371789453300, 0.4774782884364211500, -0.09133174977145762400 ) ) ;
#500 = B_SPLINE_SURFACE_WITH_KNOTS ( 'NONE', 3, 3, ( 
 ( #1998, #971, #2149, #1485, #2133, #1333 ),
 ( #650, #1339, #1500, #2156, #499, #1658 ),
 ( #342, #165, #1979, #1151, #1969, #1307 ),
 ( #664, #2141, #1651, #484, #1510, #635 ),
 ( #1325, #134, #1143, #979, #1802, #144 ),
 ( #1316, #316, #656, #1984, #818, #151 ),
 ( #322, #1491, #495, #875, #1854, #1848 ),
 ( #1356, #2011, #860, #1667, #1862, #506 ),
 ( #672, #29, #1203, #1015, #2020, #1347 ),
 ( #1520, #20, #868, #2005, #176, #2028 ),
 ( #850, #1034, #1839, #188, #1196, #196 ),
 ( #351, #365, #1369, #1027, #528, #524 ),
 ( #373, #1689, #1361, #675, #1022, #1169 ),
 ( #1539, #381, #5, #840, #692, #13 ) ),
 .UNSPECIFIED., .F., .F., .F.,
 ( 4, 2, 2, 2, 2, 2, 4 ),
 ( 4, 2, 4 ),
 ( 0.0000000000000000000, 0.2284727668883091100, 0.3551510197449090400, 0.4818292726015089800, 0.6138194626480866200, 0.7458096526946642600, 1.000000000000000000 ),
 ( 0.0000000000000000000, 0.5000000000000000000, 1.000000000000000000 ),
 .UNSPECIFIED. ) ;
#501 = CARTESIAN_POINT ( 'NONE',  ( 1.090921050904708500, 0.5088063720853263100, -0.08335540315062657500 ) ) ;
#502 = CARTESIAN_POINT ( 'NONE',  ( 1.199999999999999700, 0.0000000000000000000, -1.499999999999999300 ) ) ;
#503 = COLOUR_RGB ( '',0.8000000000000000400, 0.8078431372549019800, 0.8000000000000000400 ) ;
#504 = CARTESIAN_POINT ( 'NONE',  ( 1.149999999999994600, 0.1200000000000000000, -1.410000000000000100 ) ) ;
#505 = ORIENTED_EDGE ( 'NONE', *, *, #1999, .F. ) ;
#506 = CARTESIAN_POINT ( 'NONE',  ( 0.1050112487379611700, 0.5308321127576471900, -0.1230662433194715000 ) ) ;
#507 = AXIS2_PLACEMENT_3D ( 'NONE', #454, #1928, #96 ) ;
#508 = LINE ( 'NONE', #1252, #1395 ) ;
#509 = EDGE_LOOP ( 'NONE', ( #227, #224, #438, #328, #1508, #1557, #118, #1453, #2137, #738, #930, #1038, #665, #1737, #544, #81 ) ) ;
#510 = CARTESIAN_POINT ( 'NONE',  ( 1.077518933941540700, 0.5410029540632822500, -0.1312007867660227000 ) ) ;
#511 = CARTESIAN_POINT ( 'NONE',  ( 1.183135099835712600, 0.1200000000000000000, -0.1900000000000000600 ) ) ;
#512 = LINE ( 'NONE', #222, #1785 ) ;
#513 = CARTESIAN_POINT ( 'NONE',  ( 0.1466499783127281900, 0.5484492961490392600, -1.455415801117925700 ) ) ;
#514 = CARTESIAN_POINT ( 'NONE',  ( 1.062648460974625600, 0.5424119827778991500, -1.474108039431961700 ) ) ;
#515 = STYLED_ITEM ( 'NONE', ( #239 ), #2062 ) ;
#516 = EDGE_LOOP ( 'NONE', ( #307, #1530, #1288, #1945 ) ) ;
#517 =( LENGTH_UNIT ( ) NAMED_UNIT ( * ) SI_UNIT ( .MILLI., .METRE. ) );
#518 = ORIENTED_EDGE ( 'NONE', *, *, #106, .T. ) ;
#519 = ORIENTED_EDGE ( 'NONE', *, *, #1717, .F. ) ;
#520 = CARTESIAN_POINT ( 'NONE',  ( 1.066628851259373300, 0.5434921317825518500, -0.1295473434477720500 ) ) ;
#521 = EDGE_LOOP ( 'NONE', ( #255, #695, #1010 ) ) ;
#522 = ORIENTED_EDGE ( 'NONE', *, *, #1903, .F. ) ;
#523 = EDGE_CURVE ( 'NONE', #1392, #1139, #139, .T. ) ;
#524 = CARTESIAN_POINT ( 'NONE',  ( 0.1423298990175365100, 0.5481025635590731600, -0.1488021495243848900 ) ) ;
#525 = MECHANICAL_DESIGN_GEOMETRIC_PRESENTATION_REPRESENTATION (  '', ( #66 ), #1678 ) ;
#526 = CARTESIAN_POINT ( 'NONE',  ( 1.099569160938328700, 0.5065720434483074200, -0.08171473644428133000 ) ) ;
#527 = CARTESIAN_POINT ( 'NONE',  ( 1.149999999999999700, 0.0000000000000000000, -0.9100000000000001400 ) ) ;
#528 = CARTESIAN_POINT ( 'NONE',  ( 0.1435342877813265700, 0.5483337186186758600, -0.1476658464852875800 ) ) ;
#529 = EDGE_CURVE ( 'NONE', #1183, #62, #1531, .T. ) ;
#530 = CARTESIAN_POINT ( 'NONE',  ( 1.111055441458553600, 0.5131773405099291400, -0.09780143786347499100 ) ) ;
#531 = CARTESIAN_POINT ( 'NONE',  ( 0.1642261328679381900, 0.4500000000000000700, -0.1000000000000000200 ) ) ;
#532 = LINE ( 'NONE', #982, #714 ) ;
#533 = LINE ( 'NONE', #1898, #905 ) ;
#534 = CARTESIAN_POINT ( 'NONE',  ( 1.075441677758140100, 0.5414809389417446500, -1.471081818285499700 ) ) ;
#535 = ORIENTED_EDGE ( 'NONE', *, *, #1268, .T. ) ;
#536 = CARTESIAN_POINT ( 'NONE',  ( 1.129323163308458200, 0.4875453917504469800, -1.498236408953860000 ) ) ;
#537 = STYLED_ITEM ( 'NONE', ( #763 ), #1460 ) ;
#538 = CARTESIAN_POINT ( 'NONE',  ( 0.1336079957594959700, 0.5400469847209685700, -1.479515445232847800 ) ) ;
#539 = ORIENTED_EDGE ( 'NONE', *, *, #1983, .F. ) ;
#540 = CARTESIAN_POINT ( 'NONE',  ( 1.149999999999994600, 0.1200000000000000000, -1.410000000000000100 ) ) ;
#541 = DIRECTION ( 'NONE',  ( -0.0000000000000000000, -1.000000000000000000, -0.0000000000000000000 ) ) ;
#542 = ORIENTED_EDGE ( 'NONE', *, *, #382, .F. ) ;
#543 = CARTESIAN_POINT ( 'NONE',  ( 1.199999999999999700, 0.0000000000000000000, -1.499999999999999300 ) ) ;
#544 = ORIENTED_EDGE ( 'NONE', *, *, #1570, .T. ) ;
#545 = CARTESIAN_POINT ( 'NONE',  ( 0.06555226274653840100, 0.4664285855804951600, -1.518221590299651400 ) ) ;
#546 = DIRECTION ( 'NONE',  ( 0.0000000000000000000, 0.0000000000000000000, 1.000000000000000000 ) ) ;
#547 = CARTESIAN_POINT ( 'NONE',  ( 0.05000000000000009300, 0.1200000000000000000, -0.9100000000000001400 ) ) ;
#548 = CARTESIAN_POINT ( 'NONE',  ( 1.074108039431954700, 0.5424119827779000400, -0.1373515390253674000 ) ) ;
#549 = DIRECTION ( 'NONE',  ( -1.000000000000000000, -0.0000000000000000000, -0.0000000000000000000 ) ) ;
#550 = DIRECTION ( 'NONE',  ( -0.0000000000000000000, -0.9902680687415703600, 0.1391731009600657700 ) ) ;
#551 =( NAMED_UNIT ( * ) PLANE_ANGLE_UNIT ( ) SI_UNIT ( $, .RADIAN. ) );
#552 = EDGE_CURVE ( 'NONE', #570, #1837, #1261, .T. ) ;
#553 = DIRECTION ( 'NONE',  ( 1.000000000000000000, 0.0000000000000000000, 0.0000000000000000000 ) ) ;
#554 = PRESENTATION_LAYER_ASSIGNMENT (  '', '', ( #1381 ) ) ;
#555 = FACE_OUTER_BOUND ( 'NONE', #1653, .T. ) ;
#556 = DIRECTION ( 'NONE',  ( 1.000000000000000000, 0.0000000000000000000, 0.0000000000000000000 ) ) ;
#557 = LINE ( 'NONE', #2093, #1231 ) ;
#558 = EDGE_LOOP ( 'NONE', ( #1090, #248, #1353, #145 ) ) ;
#559 = FILL_AREA_STYLE_COLOUR ( '', #503 ) ;
#560 = DIRECTION ( 'NONE',  ( 0.9902680687415702500, 0.1391731009600657400, 0.0000000000000000000 ) ) ;
#561 = CIRCLE ( 'NONE', #79, 0.1000000000000000200 ) ;
#562 = EDGE_LOOP ( 'NONE', ( #1284, #568, #1864, #1581 ) ) ;
#563 = EDGE_CURVE ( 'NONE', #1479, #6, #1476, .T. ) ;
#564 = SURFACE_STYLE_FILL_AREA ( #798 ) ;
#565 = LINE ( 'NONE', #1793, #882 ) ;
#566 = CARTESIAN_POINT ( 'NONE',  ( 0.06519932599378108800, 0.4639173100960066700, -1.499999999999999300 ) ) ;
#567 = DIRECTION ( 'NONE',  ( 1.000000000000000000, 0.0000000000000000000, 0.0000000000000000000 ) ) ;
#568 = ORIENTED_EDGE ( 'NONE', *, *, #1904, .F. ) ;
#569 = CARTESIAN_POINT ( 'NONE',  ( 1.035773867132061500, 0.5500000000000000400, -0.1642261328679381600 ) ) ;
#570 = VERTEX_POINT ( 'NONE', #1153 ) ;
#571 = ORIENTED_EDGE ( 'NONE', *, *, #1384, .T. ) ;
#572 = DIRECTION ( 'NONE',  ( 0.0000000000000000000, 0.0000000000000000000, -1.000000000000000000 ) ) ;
#573 = DIRECTION ( 'NONE',  ( 0.0000000000000000000, 0.0000000000000000000, 1.000000000000000000 ) ) ;
#574 = DIRECTION ( 'NONE',  ( 0.0000000000000000000, -1.000000000000000000, 0.0000000000000000000 ) ) ;
#575 = PRESENTATION_LAYER_ASSIGNMENT (  '', '', ( #394 ) ) ;
#576 = PRODUCT_DEFINITION_SHAPE ( 'NONE', 'NONE',  #2165 ) ;
#577 = UNCERTAINTY_MEASURE_WITH_UNIT (LENGTH_MEASURE( 1.000000000000000100E-005 ), #774, 'distance_accuracy_value', 'NONE');
#578 = CARTESIAN_POINT ( 'NONE',  ( 0.09999893550288405100, 0.4750942994529880900, -0.06677014940747104400 ) ) ;
#579 = CARTESIAN_POINT ( 'NONE',  ( 1.149999999999999700, 0.1200000000000000000, -0.6900000000000000600 ) ) ;
#580 = LINE ( 'NONE', #1385, #1549 ) ;
#581 = CARTESIAN_POINT ( 'NONE',  ( 0.1642261328679383800, 0.5500000000000000400, -1.435773867132061900 ) ) ;
#582 = FACE_OUTER_BOUND ( 'NONE', #1535, .T. ) ;
#583 = ORIENTED_EDGE ( 'NONE', *, *, #1756, .F. ) ;
#584 = LINE ( 'NONE', #1432, #1918 ) ;
#585 = B_SPLINE_CURVE_WITH_KNOTS ( 'NONE', 3,
 ( #897, #23, #2048, #1708 ),
 .UNSPECIFIED., .F., .F.,
 ( 4, 4 ),
 ( 0.0000000000000000000, 1.000000000000000000 ),
 .UNSPECIFIED. ) ;
#586 = CARTESIAN_POINT ( 'NONE',  ( 0.1642261328679381900, 0.5500000000000000400, -0.1642261328679381300 ) ) ;
#587 = LINE ( 'NONE', #1995, #1970 ) ;
#588 = EDGE_LOOP ( 'NONE', ( #409, #1562, #721, #1296 ) ) ;
#589 = EDGE_CURVE ( 'NONE', #1236, #187, #587, .T. ) ;
#590 = ORIENTED_EDGE ( 'NONE', *, *, #150, .F. ) ;
#591 = CARTESIAN_POINT ( 'NONE',  ( 0.04999999999999834400, 0.1200000000000000000, -0.1900000000000000600 ) ) ;
#592 = VERTEX_POINT ( 'NONE', #1024 ) ;
#593 = ORIENTED_EDGE ( 'NONE', *, *, #1387, .F. ) ;
#594 = EDGE_CURVE ( 'NONE', #187, #1114, #1706, .T. ) ;
#595 = AXIS2_PLACEMENT_3D ( 'NONE', #1719, #546, #1890 ) ;
#596 =( LENGTH_UNIT ( ) NAMED_UNIT ( * ) SI_UNIT ( .MILLI., .METRE. ) );
#597 = CARTESIAN_POINT ( 'NONE',  ( 0.2999999999999999900, 0.5200000000000000200, -1.399999999999999900 ) ) ;
#598 = ADVANCED_FACE ( 'NONE', ( #327 ), #1364, .F. ) ;
#599 = CARTESIAN_POINT ( 'NONE',  ( 0.1000000000000000200, 0.0000000000000000000, -0.1000000000000000200 ) ) ;
#600 = CARTESIAN_POINT ( 'NONE',  ( 0.1642261328679383800, 0.5500000000000000400, -1.435773867132061900 ) ) ;
#601 = EDGE_CURVE ( 'NONE', #1236, #844, #1009, .T. ) ;
#602 = DIRECTION ( 'NONE',  ( 0.0000000000000000000, 0.0000000000000000000, -1.000000000000000000 ) ) ;
#603 = AXIS2_PLACEMENT_3D ( 'NONE', #1790, #1437, #1947 ) ;
#604 = LINE ( 'NONE', #400, #1643 ) ;
#605 = CARTESIAN_POINT ( 'NONE',  ( 0.1336079957583464200, 0.5400469847214248700, -1.479515445231894800 ) ) ;
#606 = ORIENTED_EDGE ( 'NONE', *, *, #1542, .F. ) ;
#607 = DIRECTION ( 'NONE',  ( -0.0000000000000000000, 0.0000000000000000000, -1.000000000000000000 ) ) ;
#608 = DIRECTION ( 'NONE',  ( -0.0000000000000000000, -0.0000000000000000000, -1.000000000000000000 ) ) ;
#609 = CONICAL_SURFACE ( 'NONE', #1805, 0.1000000000000000500, 0.1396263401595466700 ) ;
#610 = ORIENTED_EDGE ( 'NONE', *, *, #1631, .F. ) ;
#611 = DIRECTION ( 'NONE',  ( 0.0000000000000000000, -0.0000000000000000000, 1.000000000000000000 ) ) ;
#612 = VECTOR ( 'NONE', #608, 1000.000000000000000 ) ;
#613 = ORIENTED_EDGE ( 'NONE', *, *, #2154, .F. ) ;
#614 = CARTESIAN_POINT ( 'NONE',  ( 0.1264653479050081900, 0.5342570497115407500, -1.489955801146799900 ) ) ;
#615 = ORIENTED_EDGE ( 'NONE', *, *, #1752, .F. ) ;
#616 = VECTOR ( 'NONE', #2094, 1000.000000000000000 ) ;
#617 = ORIENTED_EDGE ( 'NONE', *, *, #1788, .F. ) ;
#618 = ADVANCED_FACE ( 'NONE', ( #112 ), #951, .T. ) ;
#619 = CARTESIAN_POINT ( 'NONE',  ( 0.09546859955400667500, 0.5228660509825261400, -0.1167465153709790200 ) ) ;
#620 = DIRECTION ( 'NONE',  ( 1.000000000000000000, 0.0000000000000000000, 0.0000000000000000000 ) ) ;
#621 = EDGE_LOOP ( 'NONE', ( #773, #800, #361, #1894 ) ) ;
#622 = CARTESIAN_POINT ( 'NONE',  ( 1.149999999999994600, 0.1200000000000000000, -1.190000000000000200 ) ) ;
#623 = DIRECTION ( 'NONE',  ( 0.0000000000000000000, 0.0000000000000000000, -1.000000000000000000 ) ) ;
#624 = LINE ( 'NONE', #2002, #178 ) ;
#625 = CARTESIAN_POINT ( 'NONE',  ( 0.06519932599378108800, 0.4639173100960066700, -1.499999999999999300 ) ) ;
#626 = DIRECTION ( 'NONE',  ( 0.0000000000000000000, 0.0000000000000000000, -1.000000000000000000 ) ) ;
#627 = DIRECTION ( 'NONE',  ( 0.0000000000000000000, 0.0000000000000000000, 1.000000000000000000 ) ) ;
#628 = ADVANCED_FACE ( 'NONE', ( #1840 ), #842, .F. ) ;
#629 = CARTESIAN_POINT ( 'NONE',  ( 0.05000000000000533200, 0.1200000000000000000, -1.190000000000000200 ) ) ;
#630 = EDGE_CURVE ( 'NONE', #1259, #1456, #746, .T. ) ;
#631 = AXIS2_PLACEMENT_3D ( 'NONE', #1600, #1766, #1761 ) ;
#632 = ORIENTED_EDGE ( 'NONE', *, *, #809, .T. ) ;
#633 = SURFACE_STYLE_FILL_AREA ( #1430 ) ;
#634 = EDGE_LOOP ( 'NONE', ( #691, #1620, #419, #416 ) ) ;
#635 = CARTESIAN_POINT ( 'NONE',  ( 0.07982978103627805200, 0.5035022091701081300, -0.1069613512923209800 ) ) ;
#636 = VECTOR ( 'NONE', #2042, 1000.000000000000000 ) ;
#637 = CARTESIAN_POINT ( 'NONE',  ( 1.130613583441677500, 0.4658584665230050500, -0.08200086376838428000 ) ) ;
#638 = EDGE_CURVE ( 'NONE', #911, #751, #2021, .T. ) ;
#639 = FACE_OUTER_BOUND ( 'NONE', #1875, .T. ) ;
#640 = CARTESIAN_POINT ( 'NONE',  ( 1.099569161410935300, 0.5065720435748797300, -1.518285263542962000 ) ) ;
#641 = VERTEX_POINT ( 'NONE', #502 ) ;
#642 = DIRECTION ( 'NONE',  ( 0.0000000000000000000, 0.0000000000000000000, -1.000000000000000000 ) ) ;
#643 = CARTESIAN_POINT ( 'NONE',  ( 1.071033834597211500, 0.5376623600925842800, -0.1138519017617196500 ) ) ;
#644 = CLOSED_SHELL ( 'NONE', ( #990, #153, #967, #1162, #163, #336, #812, #489, #1332, #121, #1994, #234, #470, #299, #1003, #1773, #618, #2102, #2135, #801, #649, #2118, #1493, #498, #1821, #1256, #837, #1119, #1798, #1662, #1953, #1294, #1466, #1149, #1304, #2079, #1808, #628, #1617, #313, #320, #598, #978, #1960, #129 ) ) ;
#645 = VERTEX_POINT ( 'NONE', #511 ) ;
#646 = PLANE ( 'NONE',  #2029 ) ;
#647 = DIRECTION ( 'NONE',  ( 1.000000000000000000, 0.0000000000000000000, 0.0000000000000000000 ) ) ;
#648 = CARTESIAN_POINT ( 'NONE',  ( 1.112740442336279000, 0.4918706518467598800, -1.523776865096799500 ) ) ;
#649 = ADVANCED_FACE ( 'NONE', ( #389 ), #2054, .T. ) ;
#650 = CARTESIAN_POINT ( 'NONE',  ( 0.09999893550288405100, 0.4750942994529880900, -0.06677014940747104400 ) ) ;
#651 = CARTESIAN_POINT ( 'NONE',  ( 1.134618799509153200, 0.4652114143856968500, -0.09061009502246597500 ) ) ;
#652 = DIRECTION ( 'NONE',  ( -0.0000000000000000000, -0.0000000000000000000, -1.000000000000000000 ) ) ;
#653 = CARTESIAN_POINT ( 'NONE',  ( 1.086028468864514800, 0.5184882929911000000, -1.508825187590981300 ) ) ;
#654 = LINE ( 'NONE', #1233, #212 ) ;
#655 = DIRECTION ( 'NONE',  ( 1.000000000000000000, 0.0000000000000000000, 0.0000000000000000000 ) ) ;
#656 = CARTESIAN_POINT ( 'NONE',  ( 0.1045745590119871200, 0.5222025492577967400, -0.09677680907940597300 ) ) ;
#657 = CARTESIAN_POINT ( 'NONE',  ( 1.123776865096808700, 0.4918706518468248200, -0.08725955766378321000 ) ) ;
#658 =( NAMED_UNIT ( * ) PLANE_ANGLE_UNIT ( ) SI_UNIT ( $, .RADIAN. ) );
#659 = VERTEX_POINT ( 'NONE', #1234 ) ;
#660 = VECTOR ( 'NONE', #1723, 999.9999999999998900 ) ;
#661 = CARTESIAN_POINT ( 'NONE',  ( 1.103223189428144100, 0.5222025496154966100, -1.495425442816776100 ) ) ;
#662 = AXIS2_PLACEMENT_3D ( 'NONE', #1417, #734, #918 ) ;
#663 = ORIENTED_EDGE ( 'NONE', *, *, #1877, .T. ) ;
#664 = CARTESIAN_POINT ( 'NONE',  ( 0.1069613512923227200, 0.5035022091701083500, -0.07982978103627808000 ) ) ;
#665 = ORIENTED_EDGE ( 'NONE', *, *, #563, .T. ) ;
#666 = EDGE_LOOP ( 'NONE', ( #1576, #332, #1037, #1 ) ) ;
#667 = CARTESIAN_POINT ( 'NONE',  ( 1.089955801147894000, 0.5342570497108405400, -0.1264653479065536200 ) ) ;
#668 = CARTESIAN_POINT ( 'NONE',  ( 0.1642261328679383000, 0.5500000000000000400, -1.435773867132061900 ) ) ;
#669 = ORIENTED_EDGE ( 'NONE', *, *, #340, .T. ) ;
#670 = CARTESIAN_POINT ( 'NONE',  ( 1.114767627343264700, 0.5081069606508720200, -1.505409575791919300 ) ) ;
#671 = EDGE_CURVE ( 'NONE', #2086, #1710, #2138, .T. ) ;
#672 = CARTESIAN_POINT ( 'NONE',  ( 0.1264653479065423500, 0.5342570497108465300, -0.1100441988521156200 ) ) ;
#673 = CARTESIAN_POINT ( 'NONE',  ( 1.105409575791948900, 0.5081069606507226900, -0.08523237265666271100 ) ) ;
#674 = CARTESIAN_POINT ( 'NONE',  ( 1.043116795534946100, 0.5500000000000000400, -1.446212525087777800 ) ) ;
#675 = CARTESIAN_POINT ( 'NONE',  ( 0.1548476198310959300, 0.5500000000000000400, -0.1558897677047311500 ) ) ;
#676 = EDGE_CURVE ( 'NONE', #1105, #172, #1237, .T. ) ;
#677 = CARTESIAN_POINT ( 'NONE',  ( 1.072310391386315200, 0.5431320821157567000, -0.1353372193303074300 ) ) ;
#678 = SHAPE_DEFINITION_REPRESENTATION ( #863, #201 ) ;
#679 = LINE ( 'NONE', #477, #917 ) ;
#680 = CARTESIAN_POINT ( 'NONE',  ( 1.150000000000001700, 0.0000000000000000000, -0.4100000000000000900 ) ) ;
#681 = CARTESIAN_POINT ( 'NONE',  ( 0.07982978103627325100, 0.5035022091701008000, -1.493038648707663700 ) ) ;
#682 = ORIENTED_EDGE ( 'NONE', *, *, #2051, .T. ) ;
#683 = CARTESIAN_POINT ( 'NONE',  ( 0.2999999999999999900, 0.5500000000000000400, -1.300000000000000000 ) ) ;
#684 = MECHANICAL_DESIGN_GEOMETRIC_PRESENTATION_REPRESENTATION (  '', ( #394 ), #1362 ) ;
#685 = FACE_OUTER_BOUND ( 'NONE', #1523, .T. ) ;
#686 = ORIENTED_EDGE ( 'NONE', *, *, #349, .F. ) ;
#687 = CARTESIAN_POINT ( 'NONE',  ( 1.102147566733778300, 0.5250652807735590700, -0.1123641993068997500 ) ) ;
#688 = VECTOR ( 'NONE', #1556, 1000.000000000000000 ) ;
#689 = CARTESIAN_POINT ( 'NONE',  ( 1.066392004240499700, 0.5400469847209695700, -1.479515445232851200 ) ) ;
#690 = PRESENTATION_STYLE_ASSIGNMENT (( #1215 ) ) ;
#691 = ORIENTED_EDGE ( 'NONE', *, *, #589, .T. ) ;
#692 = CARTESIAN_POINT ( 'NONE',  ( 0.1642261328679382700, 0.5500000000000000400, -0.1642261328679380800 ) ) ;
#693 = ORIENTED_EDGE ( 'NONE', *, *, #117, .T. ) ;
#694 = CARTESIAN_POINT ( 'NONE',  ( 0.05000000000000533200, 0.1200000000000000000, -1.410000000000000100 ) ) ;
#695 = ORIENTED_EDGE ( 'NONE', *, *, #742, .T. ) ;
#696 = DIRECTION ( 'NONE',  ( 0.0000000000000000000, -0.0000000000000000000, 1.000000000000000000 ) ) ;
#697 = SHAPE_REPRESENTATION ( 'sot563_body', ( #1443 ), #1337 ) ;
#698 = CARTESIAN_POINT ( 'NONE',  ( 1.056465712218732000, 0.5483337186186743000, -1.452334153514791800 ) ) ;
#699 = SURFACE_SIDE_STYLE ('',( #1942 ) ) ;
#700 = CARTESIAN_POINT ( 'NONE',  ( 0.1289181817145156300, 0.5414809389417699600, -1.475441677758128700 ) ) ;
#701 = B_SPLINE_CURVE_WITH_KNOTS ( 'NONE', 3,
 ( #581, #745, #2067, #67, #1080, #1929, #2060, #1228, #72, #434, #912, #1745 ),
 .UNSPECIFIED., .F., .F.,
 ( 4, 2, 2, 2, 2, 4 ),
 ( 0.0000000000000000000, 0.2500000000000016100, 0.3750000000000012800, 0.4375000000000017200, 0.5000000000000021100, 1.000000000000000000 ),
 .UNSPECIFIED. ) ;
#702 = DIRECTION ( 'NONE',  ( -1.000000000000000000, 0.0000000000000000000, 0.0000000000000000000 ) ) ;
#703 = CARTESIAN_POINT ( 'NONE',  ( 1.057670100982468900, 0.5481025635590728300, -0.1488021495243880600 ) ) ;
#704 = PRODUCT_DEFINITION ( 'UNKNOWN', '', #1823, #1069 ) ;
#705 = CARTESIAN_POINT ( 'NONE',  ( 0.2500000000000000000, 0.1200000000000000000, -0.2200000000000000000 ) ) ;
#706 = CARTESIAN_POINT ( 'NONE',  ( 1.044110232189523500, 0.5500000000000000400, -1.445152380231161200 ) ) ;
#707 = DIRECTION ( 'NONE',  ( 0.0000000000000000000, 0.1391731009600657400, 0.9902680687415703600 ) ) ;
#708 = CARTESIAN_POINT ( 'NONE',  ( 0.1224810660585024400, 0.5410029540633305400, -1.468799213233891800 ) ) ;
#709 = CARTESIAN_POINT ( 'NONE',  ( -0.5864257737476611400, 0.3789008000700718700, 1.367113306679769200 ) ) ;
#710 = FACE_OUTER_BOUND ( 'NONE', #820, .T. ) ;
#711 = EDGE_CURVE ( 'NONE', #1114, #920, #1624, .T. ) ;
#712 = DIRECTION ( 'NONE',  ( 0.0000000000000000000, 0.0000000000000000000, -1.000000000000000000 ) ) ;
#713 = DIRECTION ( 'NONE',  ( -1.000000000000000000, -0.0000000000000000000, 0.0000000000000000000 ) ) ;
#714 = VECTOR ( 'NONE', #1133, 1000.000000000000000 ) ;
#715 = EDGE_CURVE ( 'NONE', #751, #1710, #325, .T. ) ;
#716 = VERTEX_POINT ( 'NONE', #1221 ) ;
#717 = DIRECTION ( 'NONE',  ( 0.0000000000000000000, 0.0000000000000000000, 1.000000000000000000 ) ) ;
#718 = FACE_OUTER_BOUND ( 'NONE', #1213, .T. ) ;
#719 = PRODUCT_RELATED_PRODUCT_CATEGORY ( 'part', '', ( #2026 ) ) ;
#720 = PRESENTATION_STYLE_ASSIGNMENT (( #2151 ) ) ;
#721 = ORIENTED_EDGE ( 'NONE', *, *, #442, .F. ) ;
#722 = CARTESIAN_POINT ( 'NONE',  ( 0.05000000000000009300, 0.1200000000000000000, -0.9100000000000001400 ) ) ;
#723 = DIRECTION ( 'NONE',  ( 1.000000000000000000, -0.0000000000000000000, -0.0000000000000000000 ) ) ;
#724 = ORIENTED_EDGE ( 'NONE', *, *, #1077, .T. ) ;
#725 = EDGE_LOOP ( 'NONE', ( #1111, #36, #1927, #682 ) ) ;
#726 = CARTESIAN_POINT ( 'NONE',  ( 1.200000000000001500, 0.0000000000000000000, -0.1900000000000000600 ) ) ;
#727 =( NAMED_UNIT ( * ) SI_UNIT ( $, .STERADIAN. ) SOLID_ANGLE_UNIT ( ) );
#728 = DIRECTION ( 'NONE',  ( -0.0000000000000000000, -1.000000000000000000, -0.0000000000000000000 ) ) ;
#729 =( NAMED_UNIT ( * ) PLANE_ANGLE_UNIT ( ) SI_UNIT ( $, .RADIAN. ) );
#730 = EDGE_CURVE ( 'NONE', #659, #1033, #512, .T. ) ;
#731 = AXIS2_PLACEMENT_3D ( 'NONE', #921, #446, #1781 ) ;
#732 = FACE_OUTER_BOUND ( 'NONE', #1622, .T. ) ;
#733 = EDGE_CURVE ( 'NONE', #641, #242, #358, .T. ) ;
#734 = DIRECTION ( 'NONE',  ( 0.0000000000000000000, 0.0000000000000000000, -1.000000000000000000 ) ) ;
#735 = CARTESIAN_POINT ( 'NONE',  ( 1.089955801147894000, 0.5342570497108405400, -0.1264653479065536200 ) ) ;
#736 = AXIS2_PLACEMENT_3D ( 'NONE', #2046, #1402, #1881 ) ;
#737 = LINE ( 'NONE', #1585, #1911 ) ;
#738 = ORIENTED_EDGE ( 'NONE', *, *, #1827, .T. ) ;
#739 = CARTESIAN_POINT ( 'NONE',  ( 1.149999999999999700, 0.1200000000000000000, -0.9100000000000001400 ) ) ;
#740 = VECTOR ( 'NONE', #2037, 1000.000000000000000 ) ;
#741 = ORIENTED_EDGE ( 'NONE', *, *, #809, .F. ) ;
#742 = EDGE_CURVE ( 'NONE', #1324, #1033, #1091, .T. ) ;
#743 = EDGE_CURVE ( 'NONE', #1526, #838, #922, .T. ) ;
#744 = LINE ( 'NONE', #207, #1182 ) ;
#745 = CARTESIAN_POINT ( 'NONE',  ( 0.1493647805060426300, 0.5500000000000002700, -1.446227878253666600 ) ) ;
#746 = LINE ( 'NONE', #1865, #302 ) ;
#747 = ORIENTED_EDGE ( 'NONE', *, *, #857, .T. ) ;
#748 = CARTESIAN_POINT ( 'NONE',  ( 0.1139715311354715400, 0.5184882929911094300, -0.09117481240902713900 ) ) ;
#749 = ORIENTED_EDGE ( 'NONE', *, *, #1999, .T. ) ;
#750 = CARTESIAN_POINT ( 'NONE',  ( 1.035773867132061500, 0.5500000000000000400, -0.1642261328679381900 ) ) ;
#751 = VERTEX_POINT ( 'NONE', #376 ) ;
#752 = DIRECTION ( 'NONE',  ( 0.0000000000000000000, -1.000000000000000000, 0.0000000000000000000 ) ) ;
#753 = EDGE_CURVE ( 'NONE', #1892, #1784, #744, .T. ) ;
#754 = CARTESIAN_POINT ( 'NONE',  ( 0.1336079957594867600, 0.5400469847209746800, -0.1204845547671617700 ) ) ;
#755 = CARTESIAN_POINT ( 'NONE',  ( 0.0000000000000000000, 0.1200000000000000000, -0.2200000000000000000 ) ) ;
#756 = CARTESIAN_POINT ( 'NONE',  ( 0.1000000000000002600, 0.4639173100960066700, -1.534800674006219000 ) ) ;
#757 = AXIS2_PLACEMENT_3D ( 'NONE', #1314, #1128, #1801 ) ;
#758 = CONTEXT_DEPENDENT_SHAPE_REPRESENTATION ( #1912, #1352 ) ;
#759 = CARTESIAN_POINT ( 'NONE',  ( 0.0000000000000000000, 0.1200000000000000000, 0.0000000000000000000 ) ) ;
#760 = CARTESIAN_POINT ( 'NONE',  ( 0.05000000000000009300, 0.1200000000000000000, -0.9100000000000001400 ) ) ;
#761 =( LENGTH_UNIT ( ) NAMED_UNIT ( * ) SI_UNIT ( .MILLI., .METRE. ) );
#762 = DIRECTION ( 'NONE',  ( -0.1391731009600657400, 0.9902680687415702500, -0.0000000000000000000 ) ) ;
#763 = PRESENTATION_STYLE_ASSIGNMENT (( #1439 ) ) ;
#764 = ORIENTED_EDGE ( 'NONE', *, *, #223, .F. ) ;
#765 = FACE_OUTER_BOUND ( 'NONE', #952, .T. ) ;
#766 = CARTESIAN_POINT ( 'NONE',  ( 1.099999999999999000, 0.4639173100960066700, -1.534800674006219000 ) ) ;
#767 = VECTOR ( 'NONE', #314, 999.9999999999998900 ) ;
#768 = CARTESIAN_POINT ( 'NONE',  ( 0.06519932599378110100, 0.4639173100960066700, -0.1000000000000002600 ) ) ;
#769 = CARTESIAN_POINT ( 'NONE',  ( 0.1642261328679381900, 0.5500000000000000400, -0.1642261328679381300 ) ) ;
#770 = AXIS2_PLACEMENT_3D ( 'NONE', #1507, #155, #1483 ) ;
#771 = ORIENTED_EDGE ( 'NONE', *, *, #1227, .T. ) ;
#772 = DIRECTION ( 'NONE',  ( -0.0000000000000000000, -0.0000000000000000000, -1.000000000000000000 ) ) ;
#773 = ORIENTED_EDGE ( 'NONE', *, *, #1334, .F. ) ;
#774 =( LENGTH_UNIT ( ) NAMED_UNIT ( * ) SI_UNIT ( .MILLI., .METRE. ) );
#775 =( NAMED_UNIT ( * ) PLANE_ANGLE_UNIT ( ) SI_UNIT ( $, .RADIAN. ) );
#776 = PLANE ( 'NONE',  #51 ) ;
#777 = CARTESIAN_POINT ( 'NONE',  ( 5.237222008264700000E-015, 0.0000000000000000000, -1.410000000000000100 ) ) ;
#778 = CARTESIAN_POINT ( 'NONE',  ( 0.1568832044648120200, 0.5500000000000000400, -1.446212525087516200 ) ) ;
#779 = EDGE_CURVE ( 'NONE', #1792, #1240, #82, .T. ) ;
#780 = DIRECTION ( 'NONE',  ( 0.0000000000000000000, 0.0000000000000000000, -1.000000000000000000 ) ) ;
#781 = CARTESIAN_POINT ( 'NONE',  ( 0.09117481240994775000, 0.5184882929920854300, -0.1139715311335528600 ) ) ;
#782 = EDGE_CURVE ( 'NONE', #1350, #276, #1289, .T. ) ;
#783 = CARTESIAN_POINT ( 'NONE',  ( 0.04999999999999834400, 0.1200000000000000000, -0.1900000000000000600 ) ) ;
#784 = CONTEXT_DEPENDENT_SHAPE_REPRESENTATION ( #1253, #1834 ) ;
#785 = DIRECTION ( 'NONE',  ( -0.0000000000000000000, -1.000000000000000000, -0.0000000000000000000 ) ) ;
#786 = LINE ( 'NONE', #1609, #811 ) ;
#787 = CARTESIAN_POINT ( 'NONE',  ( 1.099999999999999600, 0.4500000000000000700, -0.1642261328679381300 ) ) ;
#788 = COLOUR_RGB ( '',0.8000000000000000400, 0.8078431372549019800, 0.8000000000000000400 ) ;
#789 = ORIENTED_EDGE ( 'NONE', *, *, #292, .T. ) ;
#790 =( NAMED_UNIT ( * ) PLANE_ANGLE_UNIT ( ) SI_UNIT ( $, .RADIAN. ) );
#791 = PLANE ( 'NONE',  #631 ) ;
#792 = VECTOR ( 'NONE', #18, 999.9999999999998900 ) ;
#793 = ORIENTED_EDGE ( 'NONE', *, *, #936, .T. ) ;
#794 = LINE ( 'NONE', #2065, #1318 ) ;
#795 = LINE ( 'NONE', #97, #1625 ) ;
#796 = VERTEX_POINT ( 'NONE', #2071 ) ;
#797 = CARTESIAN_POINT ( 'NONE',  ( 1.149999999999994600, 0.0000000000000000000, -1.410000000000000100 ) ) ;
#798 = FILL_AREA_STYLE ('',( #961 ) ) ;
#799 = AXIS2_PLACEMENT_3D ( 'NONE', #540, #702, #1696 ) ;
#800 = ORIENTED_EDGE ( 'NONE', *, *, #374, .T. ) ;
#801 = ADVANCED_FACE ( 'NONE', ( #1471 ), #880, .F. ) ;
#802 = CARTESIAN_POINT ( 'NONE',  ( 1.149999999999999700, 0.1200000000000000000, -0.9100000000000001400 ) ) ;
#803 = CARTESIAN_POINT ( 'NONE',  ( 1.086761602332485300, 0.5170368523384589700, -0.08995094606377721000 ) ) ;
#804 = CARTESIAN_POINT ( 'NONE',  ( 1.099999999999999400, 0.4639173100960076700, -0.06519932599378124000 ) ) ;
#805 = CARTESIAN_POINT ( 'NONE',  ( 0.0000000000000000000, 0.1200000000000000000, 0.0000000000000000000 ) ) ;
#806 = LINE ( 'NONE', #947, #1141 ) ;
#807 = CARTESIAN_POINT ( 'NONE',  ( 1.134618799511271800, 0.4652114143706228600, -1.509389904868157600 ) ) ;
#808 = DIRECTION ( 'NONE',  ( -0.1391731009600657400, -0.9902680687415702500, -0.0000000000000000000 ) ) ;
#809 = EDGE_CURVE ( 'NONE', #1923, #848, #247, .T. ) ;
#810 = DIRECTION ( 'NONE',  ( 0.0000000000000000000, -0.0000000000000000000, -1.000000000000000000 ) ) ;
#811 = VECTOR ( 'NONE', #277, 1000.000000000000000 ) ;
#812 = ADVANCED_FACE ( 'NONE', ( #1257 ), #2076, .T. ) ;
#813 =( LENGTH_UNIT ( ) NAMED_UNIT ( * ) SI_UNIT ( .MILLI., .METRE. ) );
#814 = CARTESIAN_POINT ( 'NONE',  ( 1.105409576270909500, 0.5081069607140708000, -1.514767627094256700 ) ) ;
#815 =( GEOMETRIC_REPRESENTATION_CONTEXT ( 3 ) GLOBAL_UNCERTAINTY_ASSIGNED_CONTEXT ( ( #577 ) ) GLOBAL_UNIT_ASSIGNED_CONTEXT ( ( #774, #1794, #473 ) ) REPRESENTATION_CONTEXT ( 'NONE', 'WORKASPACE' ) );
#816 = SURFACE_STYLE_FILL_AREA ( #1098 ) ;
#817 = ORIENTED_EDGE ( 'NONE', *, *, #1271, .F. ) ;
#818 = CARTESIAN_POINT ( 'NONE',  ( 0.09351043201193270900, 0.5209644643125250800, -0.1091059274487352600 ) ) ;
#819 = LINE ( 'NONE', #260, #976 ) ;
#820 = EDGE_LOOP ( 'NONE', ( #1897, #1342, #2083 ) ) ;
#821 = CARTESIAN_POINT ( 'NONE',  ( 1.133229850592528900, 0.4750942994529860900, -0.09999893550288943600 ) ) ;
#822 = DIRECTION ( 'NONE',  ( 0.0000000000000000000, 0.0000000000000000000, 1.000000000000000000 ) ) ;
#823 = VECTOR ( 'NONE', #345, 1000.000000000000000 ) ;
#824 = VECTOR ( 'NONE', #1434, 1000.000000000000000 ) ;
#825 = FACE_OUTER_BOUND ( 'NONE', #140, .T. ) ;
#826 = CARTESIAN_POINT ( 'NONE',  ( 1.099999999999999000, 0.4639173100960066700, -1.534800674006219000 ) ) ;
#827 = EDGE_CURVE ( 'NONE', #1006, #1135, #794, .T. ) ;
#828 = EDGE_LOOP ( 'NONE', ( #1917, #1424, #2092, #877 ) ) ;
#829 = DIRECTION ( 'NONE',  ( 0.0000000000000000000, -1.000000000000000000, 0.0000000000000000000 ) ) ;
#830 = ORIENTED_EDGE ( 'NONE', *, *, #1631, .T. ) ;
#831 = CARTESIAN_POINT ( 'NONE',  ( 1.044110232295244200, 0.5500000000000000400, -0.1548476198310626000 ) ) ;
#832 = CARTESIAN_POINT ( 'NONE',  ( 0.05000000000000533200, 0.1200000000000000000, -1.410000000000000100 ) ) ;
#833 = CARTESIAN_POINT ( 'NONE',  ( 1.117149138397590900, 0.4769830875947442800, -1.529252509945749500 ) ) ;
#834 = CARTESIAN_POINT ( 'NONE',  ( 0.1031779363157761400, 0.5117203511464635300, -1.514535821373055500 ) ) ;
#835 = CARTESIAN_POINT ( 'NONE',  ( 0.0000000000000000000, 0.1200000000000000000, 0.0000000000000000000 ) ) ;
#836 = CARTESIAN_POINT ( 'NONE',  ( 1.114767627094253000, 0.5081069607140351600, -0.09459042372905553100 ) ) ;
#837 = ADVANCED_FACE ( 'NONE', ( #1084 ), #1242, .F. ) ;
#838 = VERTEX_POINT ( 'NONE', #1187 ) ;
#839 = CARTESIAN_POINT ( 'NONE',  ( 0.09677680907941142700, 0.5222025492577920800, -1.495425440988032300 ) ) ;
#840 = CARTESIAN_POINT ( 'NONE',  ( 0.1642261328679382500, 0.5500000000000000400, -0.1642261328679380800 ) ) ;
#841 = CARTESIAN_POINT ( 'NONE',  ( 1.053350021687341700, 0.5484492961490217100, -0.1445841988821046900 ) ) ;
#842 = PLANE ( 'NONE',  #256 ) ;
#843 = PRESENTATION_STYLE_ASSIGNMENT (( #1447 ) ) ;
#844 = VERTEX_POINT ( 'NONE', #1093 ) ;
#845 = EDGE_CURVE ( 'NONE', #1178, #2069, #136, .T. ) ;
#846 = LINE ( 'NONE', #1217, #355 ) ;
#847 = CARTESIAN_POINT ( 'NONE',  ( 1.150000000000001700, 0.1200000000000000000, -0.4100000000000000900 ) ) ;
#848 = VERTEX_POINT ( 'NONE', #244 ) ;
#849 = CARTESIAN_POINT ( 'NONE',  ( 0.1230662433194839000, 0.5308321127576392000, -1.494988751262049700 ) ) ;
#850 = CARTESIAN_POINT ( 'NONE',  ( 0.1373515390253604900, 0.5424119827779031500, -0.1258919605680534100 ) ) ;
#851 = VECTOR ( 'NONE', #427, 1000.000000000000100 ) ;
#852 = VECTOR ( 'NONE', #1458, 1000.000000000000000 ) ;
#853 = ORIENTED_EDGE ( 'NONE', *, *, #415, .T. ) ;
#854 = CARTESIAN_POINT ( 'NONE',  ( 1.099019246805954100, 0.5261648961569332900, -0.1082366377521773600 ) ) ;
#855 = ORIENTED_EDGE ( 'NONE', *, *, #1686, .T. ) ;
#856 = DIRECTION ( 'NONE',  ( -1.000000000000000000, 0.0000000000000000000, 0.0000000000000000000 ) ) ;
#857 = EDGE_CURVE ( 'NONE', #2119, #146, #584, .T. ) ;
#858 = ORIENTED_EDGE ( 'NONE', *, *, #180, .T. ) ;
#859 = CARTESIAN_POINT ( 'NONE',  ( 0.1074120677301041900, 0.5326182659713184500, -1.480656213704996300 ) ) ;
#860 = CARTESIAN_POINT ( 'NONE',  ( 0.1160304478003305100, 0.5335113430897372400, -0.1100645868271377800 ) ) ;
#861 = EDGE_CURVE ( 'NONE', #1682, #1190, #819, .T. ) ;
#862 = CARTESIAN_POINT ( 'NONE',  ( 1.079729572197280800, 0.5364609545546933400, -0.1148246531695558300 ) ) ;
#863 = PRODUCT_DEFINITION_SHAPE ( 'NONE', 'NONE',  #1046 ) ;
#864 = DIRECTION ( 'NONE',  ( -0.1391731009600657400, -0.9902680687415702500, -0.0000000000000000000 ) ) ;
#865 = STYLED_ITEM ( 'NONE', ( #1100 ), #323 ) ;
#866 = CARTESIAN_POINT ( 'NONE',  ( 1.077518933509495900, 0.5410029542705814300, -1.468799213683068100 ) ) ;
#867 = CARTESIAN_POINT ( 'NONE',  ( 0.09459042420806232400, 0.5081069606508724600, -1.514767627343272400 ) ) ;
#868 = CARTESIAN_POINT ( 'NONE',  ( 0.1289181823796359300, 0.5414809388381178800, -0.1245583215852850300 ) ) ;
#869 = EDGE_CURVE ( 'NONE', #1837, #273, #1156, .T. ) ;
#870 = CARTESIAN_POINT ( 'NONE',  ( 1.068979404224785100, 0.5379821676473143200, -1.483531576050365600 ) ) ;
#871 = FACE_OUTER_BOUND ( 'NONE', #516, .T. ) ;
#872 = CARTESIAN_POINT ( 'NONE',  ( 1.045684572202651500, 0.5500000000000000400, -1.443600276343380200 ) ) ;
#873 = CARTESIAN_POINT ( 'NONE',  ( 0.1000000000000007100, 0.0000000000000000000, 0.0000000000000000000 ) ) ;
#874 = CARTESIAN_POINT ( 'NONE',  ( 0.1202704278027518200, 0.5364609545547195400, -1.485175346830435800 ) ) ;
#875 = CARTESIAN_POINT ( 'NONE',  ( 0.1009807552754409800, 0.5261648966443363000, -0.1082366352201960400 ) ) ;
#876 = AXIS2_PLACEMENT_3D ( 'NONE', #916, #752, #2073 ) ;
#877 = ORIENTED_EDGE ( 'NONE', *, *, #934, .T. ) ;
#878 = DIRECTION ( 'NONE',  ( 0.1391731009600657400, 0.9902680687415702500, -0.0000000000000000000 ) ) ;
#879 = DIRECTION ( 'NONE',  ( -1.000000000000000000, 0.0000000000000000000, -0.0000000000000000000 ) ) ;
#880 = CYLINDRICAL_SURFACE ( 'NONE', #1171, 0.1000000000000000500 ) ;
#881 = CARTESIAN_POINT ( 'NONE',  ( 1.104531400446939100, 0.5228660509816502900, -1.483253484627278900 ) ) ;
#882 = VECTOR ( 'NONE', #785, 1000.000000000000000 ) ;
#883 = CARTESIAN_POINT ( 'NONE',  ( 1.065502698305453200, 0.5500000000000000400, -1.456686198940877300 ) ) ;
#884 = CARTESIAN_POINT ( 'NONE',  ( 0.1245583215853036900, 0.5414809388381407500, -1.471081817620314600 ) ) ;
#885 = FILL_AREA_STYLE ('',( #233 ) ) ;
#886 = VERTEX_POINT ( 'NONE', #1598 ) ;
#887 = VERTEX_POINT ( 'NONE', #76 ) ;
#888 = ORIENTED_EDGE ( 'NONE', *, *, #753, .T. ) ;
#889 = CARTESIAN_POINT ( 'NONE',  ( 1.150000000000001700, 0.1200000000000000000, -0.1900000000000000600 ) ) ;
#890 = DIRECTION ( 'NONE',  ( 0.0000000000000000000, -0.9902680687415703600, 0.1391731009600657400 ) ) ;
#891 = CARTESIAN_POINT ( 'NONE',  ( -0.5864257737476515900, 0.3789008000700718700, 0.8671133066797691600 ) ) ;
#892 = AXIS2_PLACEMENT_3D ( 'NONE', #119, #1816, #475 ) ;
#893 = CARTESIAN_POINT ( 'NONE',  ( 0.1295473433813796000, 0.5434921317836022300, -1.466628851227495400 ) ) ;
#894 = SURFACE_STYLE_USAGE ( .BOTH. , #1062 ) ;
#895 = PRESENTATION_LAYER_ASSIGNMENT (  '', '', ( #515 ) ) ;
#896 = CARTESIAN_POINT ( 'NONE',  ( 0.7635742262523560500, 0.3789008000700718700, 1.867113306679769400 ) ) ;
#897 = CARTESIAN_POINT ( 'NONE',  ( 1.134800674006218400, 0.4639173100960066700, -0.1000000000000007100 ) ) ;
#898 = PRODUCT_DEFINITION_SHAPE ( 'NONE', 'NONE',  #704 ) ;
#899 = DIRECTION ( 'NONE',  ( 0.0000000000000000000, 1.000000000000000000, 0.0000000000000000000 ) ) ;
#900 = EDGE_CURVE ( 'NONE', #592, #887, #2064, .T. ) ;
#901 = ORIENTED_EDGE ( 'NONE', *, *, #340, .F. ) ;
#902 = PRODUCT ( 'SOT563', 'SOT563', '', ( #407 ) ) ;
#903 = CARTESIAN_POINT ( 'NONE',  ( 0.01686490016428701700, 0.1200000000000000000, -0.9100000000000001400 ) ) ;
#904 = SURFACE_SIDE_STYLE ('',( #453 ) ) ;
#905 = VECTOR ( 'NONE', #1718, 1000.000000000000000 ) ;
#906 = ORIENTED_EDGE ( 'NONE', *, *, #292, .F. ) ;
#907 = VECTOR ( 'NONE', #549, 1000.000000000000000 ) ;
#908 =( NAMED_UNIT ( * ) SI_UNIT ( $, .STERADIAN. ) SOLID_ANGLE_UNIT ( ) );
#909 = CYLINDRICAL_SURFACE ( 'NONE', #1079, 0.1000000000000000500 ) ;
#910 = CARTESIAN_POINT ( 'NONE',  ( 0.04999999999999834400, 0.1200000000000000000, -0.4100000000000000900 ) ) ;
#911 = VERTEX_POINT ( 'NONE', #1742 ) ;
#912 = CARTESIAN_POINT ( 'NONE',  ( 0.06850094513316917800, 0.4874095509552521800, -1.500002237402372700 ) ) ;
#913 = VERTEX_POINT ( 'NONE', #1926 ) ;
#914 = PLANE ( 'NONE',  #444 ) ;
#915 = CARTESIAN_POINT ( 'NONE',  ( 0.1230662433194717200, 0.5308321127576469700, -0.1050112487379611100 ) ) ;
#916 = CARTESIAN_POINT ( 'NONE',  ( 0.0000000000000000000, 0.1200000000000000000, 0.0000000000000000000 ) ) ;
#917 = VECTOR ( 'NONE', #808, 1000.000000000000100 ) ;
#918 = DIRECTION ( 'NONE',  ( -1.000000000000000000, 0.0000000000000000000, 0.0000000000000000000 ) ) ;
#919 = LINE ( 'NONE', #1713, #110 ) ;
#920 = VERTEX_POINT ( 'NONE', #1748 ) ;
#921 = CARTESIAN_POINT ( 'NONE',  ( 0.2999999999999999900, 0.5500000000000000400, -1.300000000000000000 ) ) ;
#922 = LINE ( 'NONE', #910, #1754 ) ;
#923 = CARTESIAN_POINT ( 'NONE',  ( 0.0000000000000000000, 0.0000000000000000000, 0.0000000000000000000 ) ) ;
#924 = LINE ( 'NONE', #1633, #767 ) ;
#925 = CARTESIAN_POINT ( 'NONE',  ( 1.199999999999999700, 0.0000000000000000000, -0.1000000000000007100 ) ) ;
#926 = LINE ( 'NONE', #1281, #1759 ) ;
#927 = CARTESIAN_POINT ( 'NONE',  ( 0.1423298990175308500, 0.5481025635590715000, -1.451197850475608700 ) ) ;
#928 = PRODUCT_RELATED_PRODUCT_CATEGORY ( 'part', '', ( #902 ) ) ;
#929 = SURFACE_SIDE_STYLE ('',( #1522 ) ) ;
#930 = ORIENTED_EDGE ( 'NONE', *, *, #1299, .F. ) ;
#931 = ORIENTED_EDGE ( 'NONE', *, *, #2114, .F. ) ;
#932 =( NAMED_UNIT ( * ) SI_UNIT ( $, .STERADIAN. ) SOLID_ANGLE_UNIT ( ) );
#933 = CARTESIAN_POINT ( 'NONE',  ( 1.183135099835712600, 0.1200000000000000000, -1.190000000000000200 ) ) ;
#934 = EDGE_CURVE ( 'NONE', #1975, #716, #387, .T. ) ;
#935 = CARTESIAN_POINT ( 'NONE',  ( 1.183135099835712600, 0.1200000000000000000, -0.1000000000000007100 ) ) ;
#936 = EDGE_CURVE ( 'NONE', #1259, #2119, #298, .T. ) ;
#937 = DIRECTION ( 'NONE',  ( -0.0000000000000000000, 1.000000000000000000, -0.0000000000000000000 ) ) ;
#938 = UNCERTAINTY_MEASURE_WITH_UNIT (LENGTH_MEASURE( 1.000000000000000100E-005 ), #1048, 'distance_accuracy_value', 'NONE');
#939 = CARTESIAN_POINT ( 'NONE',  ( 1.035773867132061500, 0.5500000000000000400, -1.499999999999999800 ) ) ;
#940 = CARTESIAN_POINT ( 'NONE',  ( 0.0000000000000000000, 0.1200000000000000000, 0.0000000000000000000 ) ) ;
#941 = CARTESIAN_POINT ( 'NONE',  ( 1.099999999999999600, 0.5500000000000000400, -0.1000000000000000200 ) ) ;
#942 = CARTESIAN_POINT ( 'NONE',  ( 0.01686490016428701700, 0.1200000000000000000, -0.4100000000000000900 ) ) ;
#943 = LINE ( 'NONE', #480, #1698 ) ;
#944 = PLANE ( 'NONE',  #1410 ) ;
#945 = CARTESIAN_POINT ( 'NONE',  ( 0.05000000000000533200, 0.1200000000000000000, -1.410000000000000100 ) ) ;
#946 = ORIENTED_EDGE ( 'NONE', *, *, #31, .T. ) ;
#947 = CARTESIAN_POINT ( 'NONE',  ( 0.0000000000000000000, 0.0000000000000000000, -0.1000000000000007100 ) ) ;
#948 = VECTOR ( 'NONE', #28, 1000.000000000000000 ) ;
#949 = ORIENTED_EDGE ( 'NONE', *, *, #189, .F. ) ;
#950 = CARTESIAN_POINT ( 'NONE',  ( 0.1488021495238477100, 0.5481025635591811900, -1.457670100981892600 ) ) ;
#951 = CYLINDRICAL_SURFACE ( 'NONE', #1659, 0.09999999999999999200 ) ;
#952 = EDGE_LOOP ( 'NONE', ( #590, #114, #1654, #1441 ) ) ;
#953 =( GEOMETRIC_REPRESENTATION_CONTEXT ( 3 ) GLOBAL_UNCERTAINTY_ASSIGNED_CONTEXT ( ( #1767 ) ) GLOBAL_UNIT_ASSIGNED_CONTEXT ( ( #813, #775, #1968 ) ) REPRESENTATION_CONTEXT ( 'NONE', 'WORKASPACE' ) );
#954 = ORIENTED_EDGE ( 'NONE', *, *, #1219, .F. ) ;
#955 = CARTESIAN_POINT ( 'NONE',  ( 1.199999999999999700, 0.0000000000000000000, -0.1000000000000007100 ) ) ;
#956 = PLANE ( 'NONE',  #135 ) ;
#957 = ORIENTED_EDGE ( 'NONE', *, *, #936, .F. ) ;
#958 = PRODUCT_DEFINITION_FORMATION_WITH_SPECIFIED_SOURCE ( 'ANY', '', #2026, .NOT_KNOWN. ) ;
#959 = ORIENTED_EDGE ( 'NONE', *, *, #1311, .F. ) ;
#960 = CARTESIAN_POINT ( 'NONE',  ( 1.105635113280283300, 0.4903705517461769400, -0.07229203972431508300 ) ) ;
#961 = FILL_AREA_STYLE_COLOUR ( '', #1922 ) ;
#962 = VECTOR ( 'NONE', #308, 1000.000000000000000 ) ;
#963 = CARTESIAN_POINT ( 'NONE',  ( 1.149999999999994600, 0.0000000000000000000, -1.190000000000000200 ) ) ;
#964 = EDGE_CURVE ( 'NONE', #570, #1262, #1704, .T. ) ;
#965 = AXIS2_PLACEMENT_3D ( 'NONE', #974, #1467, #1981 ) ;
#966 = CARTESIAN_POINT ( 'NONE',  ( 1.149999999999999700, 0.0000000000000000000, -0.6900000000000000600 ) ) ;
#967 = ADVANCED_FACE ( 'NONE', ( #1373 ), #337, .T. ) ;
#968 = DIRECTION ( 'NONE',  ( 1.000000000000000000, 0.0000000000000000000, -0.0000000000000000000 ) ) ;
#969 = CARTESIAN_POINT ( 'NONE',  ( 0.0000000000000000000, 0.0000000000000000000, 0.0000000000000000000 ) ) ;
#970 = PRODUCT_DEFINITION_FORMATION_WITH_SPECIFIED_SOURCE ( 'ANY', '', #1859, .NOT_KNOWN. ) ;
#971 = CARTESIAN_POINT ( 'NONE',  ( 0.09061009502246607200, 0.4652114143856968000, -0.06538120049084617000 ) ) ;
#972 = VECTOR ( 'NONE', #305, 1000.000000000000000 ) ;
#973 = DIRECTION ( 'NONE',  ( 0.0000000000000000000, 1.000000000000000000, 0.0000000000000000000 ) ) ;
#974 = CARTESIAN_POINT ( 'NONE',  ( 1.099999999999999600, 0.4500000000000000700, -1.435773867132061900 ) ) ;
#975 = EDGE_LOOP ( 'NONE', ( #1506, #2047, #632, #89 ) ) ;
#976 = VECTOR ( 'NONE', #1408, 1000.000000000000000 ) ;
#977 = ORIENTED_EDGE ( 'NONE', *, *, #2100, .F. ) ;
#978 = ADVANCED_FACE ( 'NONE', ( #1601 ), #1305, .F. ) ;
#979 = CARTESIAN_POINT ( 'NONE',  ( 0.08894455887119430400, 0.5131773405934874100, -0.09780143747682165700 ) ) ;
#980 = ORIENTED_EDGE ( 'NONE', *, *, #1594, .F. ) ;
#981 = EDGE_LOOP ( 'NONE', ( #583, #87, #1963, #1965 ) ) ;
#982 = CARTESIAN_POINT ( 'NONE',  ( 0.05000000000000533200, 0.1200000000000000000, -1.190000000000000200 ) ) ;
#983 = CARTESIAN_POINT ( 'NONE',  ( 1.149999999999999700, 0.1200000000000000000, -0.9100000000000001400 ) ) ;
#984 = AXIS2_PLACEMENT_3D ( 'NONE', #783, #1954, #2095 ) ;
#985 = VERTEX_POINT ( 'NONE', #1150 ) ;
#986 = CARTESIAN_POINT ( 'NONE',  ( 1.129252510004357300, 0.4769830875876457900, -1.517149138285059300 ) ) ;
#987 = CARTESIAN_POINT ( 'NONE',  ( 0.06538120049084611400, 0.4652114143856969600, -1.509389904977534100 ) ) ;
#988 = CARTESIAN_POINT ( 'NONE',  ( 0.0000000000000000000, 0.0000000000000000000, -0.2200000000000000000 ) ) ;
#989 =( NAMED_UNIT ( * ) SI_UNIT ( $, .STERADIAN. ) SOLID_ANGLE_UNIT ( ) );
#990 = ADVANCED_FACE ( 'NONE', ( #765 ), #410, .F. ) ;
#991 = DIRECTION ( 'NONE',  ( -1.000000000000000000, -0.0000000000000000000, -0.0000000000000000000 ) ) ;
#992 = CARTESIAN_POINT ( 'NONE',  ( 1.111055441128824500, 0.5131773405935969900, -1.502198562523164200 ) ) ;
#993 = CARTESIAN_POINT ( 'NONE',  ( 1.082237506755394900, 0.5240936153660125100, -0.09698608895852192700 ) ) ;
#994 = LINE ( 'NONE', #1760, #272 ) ;
#995 = EDGE_CURVE ( 'NONE', #1837, #1997, #1577, .T. ) ;
#996 = CARTESIAN_POINT ( 'NONE',  ( 1.108825187590982900, 0.5184882929910993300, -0.1139715311354854200 ) ) ;
#997 = COLOUR_RGB ( '',0.8000000000000000400, 0.8078431372549019800, 0.8000000000000000400 ) ;
#998 = DIRECTION ( 'NONE',  ( -0.0000000000000000000, -0.0000000000000000000, -1.000000000000000000 ) ) ;
#999 = CARTESIAN_POINT ( 'NONE',  ( 0.1642261328679383600, 0.5500000000000000400, -1.435773867132061900 ) ) ;
#1000 = VECTOR ( 'NONE', #1974, 1000.000000000000000 ) ;
#1001 = CARTESIAN_POINT ( 'NONE',  ( 1.108825187590979400, 0.5184882929911004400, -1.486028468864514200 ) ) ;
#1002 = AXIS2_PLACEMENT_3D ( 'NONE', #683, #183, #1517 ) ;
#1003 = ADVANCED_FACE ( 'NONE', ( #718 ), #466, .T. ) ;
#1004 = CARTESIAN_POINT ( 'NONE',  ( 0.1009807531940608700, 0.5261648961569784800, -1.491763362247881600 ) ) ;
#1005 = ORIENTED_EDGE ( 'NONE', *, *, #676, .T. ) ;
#1006 = VERTEX_POINT ( 'NONE', #1541 ) ;
#1007 = CARTESIAN_POINT ( 'NONE',  ( 1.120170218963727900, 0.5035022091701001300, -0.1069613512923354000 ) ) ;
#1008 = CARTESIAN_POINT ( 'NONE',  ( 0.0000000000000000000, 0.0000000000000000000, -1.190000000000000200 ) ) ;
#1009 = LINE ( 'NONE', #1008, #2045 ) ;
#1010 = ORIENTED_EDGE ( 'NONE', *, *, #2115, .F. ) ;
#1011 = CARTESIAN_POINT ( 'NONE',  ( 1.092587930960519300, 0.5326182669944082800, -1.480656215777291300 ) ) ;
#1012 = EDGE_CURVE ( 'NONE', #1006, #2086, #1212, .T. ) ;
#1013 = ORIENTED_EDGE ( 'NONE', *, *, #98, .F. ) ;
#1014 = CARTESIAN_POINT ( 'NONE',  ( 0.1045745571831929500, 0.5222025496155009400, -1.503223189428133200 ) ) ;
#1015 = CARTESIAN_POINT ( 'NONE',  ( 0.1148246531695366600, 0.5364609545546734600, -0.1202704278027132600 ) ) ;
#1016 = ORIENTED_EDGE ( 'NONE', *, *, #2081, .F. ) ;
#1017 = CARTESIAN_POINT ( 'NONE',  ( 1.043116795534957800, 0.5500000000000000400, -0.1537874749122298500 ) ) ;
#1018 = ORIENTED_EDGE ( 'NONE', *, *, #730, .F. ) ;
#1019 = ORIENTED_EDGE ( 'NONE', *, *, #493, .F. ) ;
#1020 = CARTESIAN_POINT ( 'NONE',  ( 1.091763362247838700, 0.5261648961568453600, -1.499019246805933600 ) ) ;
#1021 = CARTESIAN_POINT ( 'NONE',  ( 0.1193437842227530700, 0.5326182669943302400, -1.492587930960542800 ) ) ;
#1022 = CARTESIAN_POINT ( 'NONE',  ( 0.1543154277973496600, 0.5500000000000000400, -0.1563997236566288500 ) ) ;
#1023 = CARTESIAN_POINT ( 'NONE',  ( 1.116644596849374800, 0.5088063720853246400, -0.1090789490952928800 ) ) ;
#1024 = CARTESIAN_POINT ( 'NONE',  ( 0.2500000000000000000, 0.1200000000000000000, -0.2200000000000000000 ) ) ;
#1025 = CARTESIAN_POINT ( 'NONE',  ( 1.099019244724579900, 0.5261648966442371600, -1.491763364779769900 ) ) ;
#1026 = EDGE_CURVE ( 'NONE', #592, #1502, #3, .T. ) ;
#1027 = CARTESIAN_POINT ( 'NONE',  ( 0.1445841988821128500, 0.5484492961490217100, -0.1466499783127382100 ) ) ;
#1028 = LINE ( 'NONE', #1131, #1204 ) ;
#1029 = CARTESIAN_POINT ( 'NONE',  ( 1.096822063684227400, 0.5117203511464786200, -0.08546417862692987100 ) ) ;
#1030 = LINE ( 'NONE', #1720, #1750 ) ;
#1031 = FACE_OUTER_BOUND ( 'NONE', #1063, .T. ) ;
#1032 = CARTESIAN_POINT ( 'NONE',  ( 1.076933756680515900, 0.5308321127576392000, -1.494988751262047900 ) ) ;
#1033 = VERTEX_POINT ( 'NONE', #750 ) ;
#1034 = CARTESIAN_POINT ( 'NONE',  ( 0.1353372193303398200, 0.5431320821157632500, -0.1276896086137053700 ) ) ;
#1035 = VECTOR ( 'NONE', #85, 1000.000000000000000 ) ;
#1036 = VECTOR ( 'NONE', #647, 1000.000000000000000 ) ;
#1037 = ORIENTED_EDGE ( 'NONE', *, *, #106, .F. ) ;
#1038 = ORIENTED_EDGE ( 'NONE', *, *, #2154, .T. ) ;
#1039 = CARTESIAN_POINT ( 'NONE',  ( 1.035773867132061500, 0.5500000000000000400, -1.435773867132061900 ) ) ;
#1040 = ORIENTED_EDGE ( 'NONE', *, *, #452, .T. ) ;
#1041 = ORIENTED_EDGE ( 'NONE', *, *, #857, .F. ) ;
#1042 = CARTESIAN_POINT ( 'NONE',  ( 1.150000000000001700, 0.1200000000000000000, -0.1900000000000000600 ) ) ;
#1043 = CARTESIAN_POINT ( 'NONE',  ( 0.0000000000000000000, 0.0000000000000000000, 0.0000000000000000000 ) ) ;
#1044 = AXIS2_PLACEMENT_3D ( 'NONE', #441, #448, #1593 ) ;
#1045 =( LENGTH_UNIT ( ) NAMED_UNIT ( * ) SI_UNIT ( .MILLI., .METRE. ) );
#1046 = PRODUCT_DEFINITION ( 'UNKNOWN', '', #970, #46 ) ;
#1047 = DIRECTION ( 'NONE',  ( 0.0000000000000000000, 0.0000000000000000000, -1.000000000000000000 ) ) ;
#1048 =( LENGTH_UNIT ( ) NAMED_UNIT ( * ) SI_UNIT ( .MILLI., .METRE. ) );
#1049 = EDGE_CURVE ( 'NONE', #1125, #2147, #1732, .T. ) ;
#1050 = CARTESIAN_POINT ( 'NONE',  ( 0.08177840970034785900, 0.4664285855804951600, -1.534447737253461100 ) ) ;
#1051 = APPLICATION_CONTEXT ( 'automotive_design' ) ;
#1052 = VECTOR ( 'NONE', #440, 1000.000000000000000 ) ;
#1053 = EDGE_LOOP ( 'NONE', ( #855, #1943, #931, #1948 ) ) ;
#1054 =( NAMED_UNIT ( * ) PLANE_ANGLE_UNIT ( ) SI_UNIT ( $, .RADIAN. ) );
#1055 = FILL_AREA_STYLE ('',( #1504 ) ) ;
#1056 = VERTEX_POINT ( 'NONE', #680 ) ;
#1057 = VECTOR ( 'NONE', #1986, 1000.000000000000000 ) ;
#1058 = ORIENTED_EDGE ( 'NONE', *, *, #529, .F. ) ;
#1059 = CARTESIAN_POINT ( 'NONE',  ( 0.01686490016428701300, 0.1200000000000000000, -0.1000000000000007100 ) ) ;
#1060 = DIRECTION ( 'NONE',  ( 1.000000000000000000, 0.0000000000000000000, 0.0000000000000000000 ) ) ;
#1061 = ORIENTED_EDGE ( 'NONE', *, *, #294, .F. ) ;
#1062 = SURFACE_SIDE_STYLE ('',( #478 ) ) ;
#1063 = EDGE_LOOP ( 'NONE', ( #395, #143, #789, #1180 ) ) ;
#1064 = DIRECTION ( 'NONE',  ( 0.0000000000000000000, 0.0000000000000000000, -1.000000000000000000 ) ) ;
#1065 =( LENGTH_UNIT ( ) NAMED_UNIT ( * ) SI_UNIT ( .MILLI., .METRE. ) );
#1066 =( NAMED_UNIT ( * ) PLANE_ANGLE_UNIT ( ) SI_UNIT ( $, .RADIAN. ) );
#1067 = AXIS2_PLACEMENT_3D ( 'NONE', #396, #560, #1771 ) ;
#1068 = PLANE ( 'NONE',  #662 ) ;
#1069 = PRODUCT_DEFINITION_CONTEXT ( 'detailed design', #2053, 'design' ) ;
#1070 = CARTESIAN_POINT ( 'NONE',  ( 1.104531400446943800, 0.5228660509816496200, -0.1167465153727204900 ) ) ;
#1071 = AXIS2_PLACEMENT_3D ( 'NONE', #896, #68, #1073 ) ;
#1072 = PLANE ( 'NONE',  #1468 ) ;
#1073 = DIRECTION ( 'NONE',  ( 1.000000000000000000, 0.0000000000000000000, 0.0000000000000000000 ) ) ;
#1074 = CARTESIAN_POINT ( 'NONE',  ( 1.149999999999999700, 0.1200000000000000000, -0.6900000000000000600 ) ) ;
#1075 = DIRECTION ( 'NONE',  ( 0.0000000000000000000, 0.0000000000000000000, 1.000000000000000000 ) ) ;
#1076 = COLOUR_RGB ( '',0.8000000000000000400, 0.8078431372549019800, 0.8000000000000000400 ) ;
#1077 = EDGE_CURVE ( 'NONE', #2147, #641, #462, .T. ) ;
#1078 = ORIENTED_EDGE ( 'NONE', *, *, #1227, .F. ) ;
#1079 = AXIS2_PLACEMENT_3D ( 'NONE', #1683, #1852, #856 ) ;
#1080 = CARTESIAN_POINT ( 'NONE',  ( 0.1164684239515055300, 0.5379821676483503800, -1.468979404223314400 ) ) ;
#1081 = APPLICATION_PROTOCOL_DEFINITION ( 'draft international standard', 'automotive_design', 1998, #2068 ) ;
#1082 = LINE ( 'NONE', #591, #1621 ) ;
#1083 = VERTEX_POINT ( 'NONE', #1913 ) ;
#1084 = FACE_OUTER_BOUND ( 'NONE', #666, .T. ) ;
#1085 = CARTESIAN_POINT ( 'NONE',  ( 0.2999999999999999900, 0.5200000000000000200, -1.300000000000000000 ) ) ;
#1086 = ORIENTED_EDGE ( 'NONE', *, *, #2072, .F. ) ;
#1087 = EDGE_LOOP ( 'NONE', ( #1355, #1650, #27, #2049 ) ) ;
#1088 = CARTESIAN_POINT ( 'NONE',  ( 1.183135099835712600, 0.1200000000000000000, -1.410000000000000100 ) ) ;
#1089 = EDGE_CURVE ( 'NONE', #1739, #190, #1469, .T. ) ;
#1090 = ORIENTED_EDGE ( 'NONE', *, *, #845, .T. ) ;
#1091 = B_SPLINE_CURVE_WITH_KNOTS ( 'NONE', 3,
 ( #1226, #1207, #2057, #229, #1399, #1697, #1070, #1390, #735, #386, #548, #703, #401, #1709 ),
 .UNSPECIFIED., .F., .F.,
 ( 4, 2, 2, 2, 2, 2, 4 ),
 ( 0.0000000000000000000, 0.2284727668882797200, 0.3551510197448700100, 0.4818292726014603000, 0.6138194626480464300, 0.7458096526946325100, 1.000000000000000000 ),
 .UNSPECIFIED. ) ;
#1092 = CARTESIAN_POINT ( 'NONE',  ( 0.1069613512923227200, 0.5035022091701083500, -0.07982978103627808000 ) ) ;
#1093 = CARTESIAN_POINT ( 'NONE',  ( 5.325313434779147300E-015, 0.0000000000000000000, -1.190000000000000200 ) ) ;
#1094 = DIRECTION ( 'NONE',  ( -0.1391731009600657400, 0.9902680687415702500, -0.0000000000000000000 ) ) ;
#1095 = MECHANICAL_DESIGN_GEOMETRIC_PRESENTATION_REPRESENTATION (  '', ( #537 ), #953 ) ;
#1096 = CARTESIAN_POINT ( 'NONE',  ( 1.150000000000001700, 0.1200000000000000000, -0.4100000000000000900 ) ) ;
#1097 = DIRECTION ( 'NONE',  ( -0.9902680687415702500, 0.1391731009600657400, 0.0000000000000000000 ) ) ;
#1098 = FILL_AREA_STYLE ('',( #1772 ) ) ;
#1099 = DIRECTION ( 'NONE',  ( 0.0000000000000000000, 0.0000000000000000000, -1.000000000000000000 ) ) ;
#1100 = PRESENTATION_STYLE_ASSIGNMENT (( #1223 ) ) ;
#1101 = DIRECTION ( 'NONE',  ( -0.0000000000000000000, -0.0000000000000000000, 1.000000000000000000 ) ) ;
#1102 = FACE_OUTER_BOUND ( 'NONE', #521, .T. ) ;
#1103 = CARTESIAN_POINT ( 'NONE',  ( 0.1139715311331627900, 0.5184882929922842700, -1.508825187589864600 ) ) ;
#1104 = VECTOR ( 'NONE', #1952, 1000.000000000000000 ) ;
#1105 = VERTEX_POINT ( 'NONE', #756 ) ;
#1106 = SURFACE_SIDE_STYLE ('',( #816 ) ) ;
#1107 = CARTESIAN_POINT ( 'NONE',  ( 0.06555226274653862300, 0.4664285855804951000, -0.08177840970034809500 ) ) ;
#1108 = AXIS2_PLACEMENT_3D ( 'NONE', #1496, #1822, #2139 ) ;
#1109 = LINE ( 'NONE', #398, #792 ) ;
#1110 = EDGE_LOOP ( 'NONE', ( #830, #414, #253, #60 ) ) ;
#1111 = ORIENTED_EDGE ( 'NONE', *, *, #35, .T. ) ;
#1112 = AXIS2_PLACEMENT_3D ( 'NONE', #1874, #1567, #712 ) ;
#1113 = DIRECTION ( 'NONE',  ( 1.000000000000000000, 0.0000000000000000000, 0.0000000000000000000 ) ) ;
#1114 = VERTEX_POINT ( 'NONE', #1919 ) ;
#1115 = CARTESIAN_POINT ( 'NONE',  ( 0.1258919605687622300, 0.5424119827781868100, -0.1373515390245662600 ) ) ;
#1116 = CARTESIAN_POINT ( 'NONE',  ( 1.183135099835712600, 0.1200000000000000000, -0.1000000000000007100 ) ) ;
#1117 = CARTESIAN_POINT ( 'NONE',  ( 1.199999999999999700, 0.0000000000000000000, -0.9100000000000001400 ) ) ;
#1118 = EDGE_CURVE ( 'NONE', #1419, #276, #1442, .T. ) ;
#1119 = ADVANCED_FACE ( 'NONE', ( #1235 ), #1072, .F. ) ;
#1120 = CARTESIAN_POINT ( 'NONE',  ( 0.04999999999999839300, 0.0000000000000000000, -0.1900000000000000600 ) ) ;
#1121 = DIRECTION ( 'NONE',  ( -0.0000000000000000000, -0.0000000000000000000, -1.000000000000000000 ) ) ;
#1122 = ITEM_DEFINED_TRANSFORMATION ( 'NONE', 'NONE', #174,  #1443 ) ;
#1123 = CARTESIAN_POINT ( 'NONE',  ( 0.09999893549875019100, 0.4750942994541224600, -1.533229850592285400 ) ) ;
#1124 =( LENGTH_UNIT ( ) NAMED_UNIT ( * ) SI_UNIT ( .MILLI., .METRE. ) );
#1125 = VERTEX_POINT ( 'NONE', #1088 ) ;
#1126 = DIRECTION ( 'NONE',  ( 0.0000000000000000000, -0.0000000000000000000, 1.000000000000000000 ) ) ;
#1127 = ADVANCED_FACE ( 'NONE', ( #2111 ), #231, .F. ) ;
#1128 = DIRECTION ( 'NONE',  ( -0.0000000000000000000, 1.000000000000000000, -0.0000000000000000000 ) ) ;
#1129 = LINE ( 'NONE', #955, #1991 ) ;
#1130 = EDGE_LOOP ( 'NONE', ( #747, #764, #741, #946 ) ) ;
#1131 = CARTESIAN_POINT ( 'NONE',  ( 1.199999999999999700, 0.0000000000000000000, -0.1000000000000007100 ) ) ;
#1132 = VECTOR ( 'NONE', #655, 1000.000000000000000 ) ;
#1133 = DIRECTION ( 'NONE',  ( -1.000000000000000000, 0.0000000000000000000, 0.0000000000000000000 ) ) ;
#1134 = PRESENTATION_LAYER_ASSIGNMENT (  '', '', ( #1205 ) ) ;
#1135 = VERTEX_POINT ( 'NONE', #933 ) ;
#1136 = CARTESIAN_POINT ( 'NONE',  ( 1.109389904977533500, 0.4652114143856968500, -1.534618799509154000 ) ) ;
#1137 = ORIENTED_EDGE ( 'NONE', *, *, #995, .F. ) ;
#1138 = CARTESIAN_POINT ( 'NONE',  ( 1.098236408953859200, 0.4875453917505875300, -0.07067683669159813300 ) ) ;
#1139 = VERTEX_POINT ( 'NONE', #1905 ) ;
#1140 = CARTESIAN_POINT ( 'NONE',  ( 1.127707960275815300, 0.4903705517458600800, -1.505635113280357800 ) ) ;
#1141 = VECTOR ( 'NONE', #1786, 1000.000000000000000 ) ;
#1142 = B_SPLINE_CURVE_WITH_KNOTS ( 'NONE', 3,
 ( #600, #778, #950, #1454, #605, #614, #1764, #1778, #1103, #301, #288, #1270, #1123, #2113 ),
 .UNSPECIFIED., .F., .F.,
 ( 4, 2, 2, 2, 2, 2, 4 ),
 ( 0.0000000000000000000, 0.2541903473053648300, 0.3861805373519522400, 0.5181707273985396400, 0.6448489802551293800, 0.7715272331117192200, 1.000000000000000000 ),
 .UNSPECIFIED. ) ;
#1143 = CARTESIAN_POINT ( 'NONE',  ( 0.09780143786346190400, 0.5131773405099114800, -0.08894455854147291500 ) ) ;
#1144 = EDGE_CURVE ( 'NONE', #1784, #1559, #701, .T. ) ;
#1145 = CARTESIAN_POINT ( 'NONE',  ( 1.129252509916769200, 0.4769830875947453400, -0.08285086157335336300 ) ) ;
#1146 = CARTESIAN_POINT ( 'NONE',  ( 0.2500000000000001100, 0.0000000000000000000, 0.0000000000000000000 ) ) ;
#1147 = CARTESIAN_POINT ( 'NONE',  ( 1.128965043671877900, 0.4873703522333596700, -1.498029562446993500 ) ) ;
#1148 = AXIS2_PLACEMENT_3D ( 'NONE', #1230, #1407, #1714 ) ;
#1149 = ADVANCED_FACE ( 'NONE', ( #1783 ), #1238, .T. ) ;
#1150 = CARTESIAN_POINT ( 'NONE',  ( 1.150000000000001700, 0.1200000000000000000, -0.4100000000000000900 ) ) ;
#1151 = CARTESIAN_POINT ( 'NONE',  ( 0.07622313438992124600, 0.4918706516745252600, -0.08725955825624209800 ) ) ;
#1152 = CARTESIAN_POINT ( 'NONE',  ( 1.132718796268333400, 0.4774782885430403100, -0.09133174956500188200 ) ) ;
#1153 = CARTESIAN_POINT ( 'NONE',  ( 1.149999999999999700, 0.1200000000000000000, -0.6900000000000000600 ) ) ;
#1154 = EDGE_CURVE ( 'NONE', #1792, #321, #1082, .T. ) ;
#1155 = ORIENTED_EDGE ( 'NONE', *, *, #2078, .T. ) ;
#1156 = LINE ( 'NONE', #739, #2043 ) ;
#1157 = CARTESIAN_POINT ( 'NONE',  ( 1.133229850592529100, 0.4750942994529854800, -1.500001064497110200 ) ) ;
#1158 = CARTESIAN_POINT ( 'NONE',  ( 0.09061009513184248300, 0.4652114143706228000, -1.534618799511272600 ) ) ;
#1159 = DIRECTION ( 'NONE',  ( -1.000000000000000000, -0.0000000000000000000, -0.0000000000000000000 ) ) ;
#1160 = ORIENTED_EDGE ( 'NONE', *, *, #594, .F. ) ;
#1161 = CARTESIAN_POINT ( 'NONE',  ( 1.087635802681463400, 0.5250652817483990600, -0.09785243435344478900 ) ) ;
#1162 = ADVANCED_FACE ( 'NONE', ( #1031 ), #609, .T. ) ;
#1163 = CARTESIAN_POINT ( 'NONE',  ( 0.06677014940767248000, 0.4750942994539276700, -0.09999893549946556300 ) ) ;
#1164 = B_SPLINE_SURFACE_WITH_KNOTS ( 'NONE', 3, 3, ( 
 ( #315, #1136, #2153, #161, #807, #1657 ),
 ( #1977, #132, #833, #986, #1664, #1157 ),
 ( #339, #1323, #648, #1982, #1140, #1147 ),
 ( #2131, #640, #814, #670, #141, #149 ),
 ( #319, #1996, #1489, #992, #492, #1649 ),
 ( #653, #2148, #1331, #661, #1826, #1001 ),
 ( #1165, #1878, #1020, #1025, #356, #881 ),
 ( #1032, #173, #179, #369, #1011, #1184 ),
 ( #1857, #4, #12, #1670, #185, #1515 ),
 ( #689, #1673, #1536, #534, #866, #1359 ),
 ( #514, #1354, #2008, #362, #348, #1200 ),
 ( #2025, #16, #1691, #2017, #698, #1365 ),
 ( #674, #1867, #706, #1519, #872, #1344 ),
 ( #2031, #1039, #26, #1525, #1168, #1193 ) ),
 .UNSPECIFIED., .F., .F., .F.,
 ( 4, 2, 2, 2, 2, 2, 4 ),
 ( 4, 2, 4 ),
 ( 0.0000000000000000000, 0.2284727668882712600, 0.3551510197448721800, 0.4818292726014731200, 0.6138194626480457700, 0.7458096526946185200, 1.000000000000000000 ),
 ( 0.0000000000000000000, 0.5000000000000000000, 1.000000000000000000 ),
 .UNSPECIFIED. ) ;
#1165 = CARTESIAN_POINT ( 'NONE',  ( 1.083253484627279700, 0.5228660509816501800, -1.504531400446941400 ) ) ;
#1166 = CARTESIAN_POINT ( 'NONE',  ( 1.071081818285472000, 0.5414809389417658500, -0.1245583222418551500 ) ) ;
#1167 = B_SPLINE_CURVE_WITH_KNOTS ( 'NONE', 3,
 ( #411, #578, #1741, #1092, #1248, #748, #1916, #915, #75, #754, #259, #252, #423, #586 ),
 .UNSPECIFIED., .F., .F.,
 ( 4, 2, 2, 2, 2, 2, 4 ),
 ( 0.0000000000000000000, 0.2284727668883091100, 0.3551510197449090400, 0.4818292726015089800, 0.6138194626480866200, 0.7458096526946642600, 1.000000000000000000 ),
 .UNSPECIFIED. ) ;
#1168 = CARTESIAN_POINT ( 'NONE',  ( 1.035773867132061500, 0.5500000000000000400, -1.435773867132061900 ) ) ;
#1169 = CARTESIAN_POINT ( 'NONE',  ( 0.1537874749122338200, 0.5500000000000000400, -0.1568832044650398700 ) ) ;
#1170 = CARTESIAN_POINT ( 'NONE',  ( 0.1167465153727212100, 0.5228660509816514000, -1.504531400446941000 ) ) ;
#1171 = AXIS2_PLACEMENT_3D ( 'NONE', #70, #937, #1757 ) ;
#1172 = CARTESIAN_POINT ( 'NONE',  ( 1.090894072551251700, 0.5209644643125290700, -0.09351043201192947600 ) ) ;
#1173 = B_SPLINE_SURFACE_WITH_KNOTS ( 'NONE', 3, 3, ( 
 ( #474, #651, #637, #1308, #312, #1480 ),
 ( #821, #1152, #1145, #147, #1985, #1327 ),
 ( #1492, #496, #657, #1957, #960, #14 ),
 ( #1007, #1669, #836, #673, #526, #1687 ),
 ( #1023, #1357, #530, #1533, #1029, #501 ),
 ( #996, #1503, #1681, #1521, #1172, #1850 ),
 ( #360, #687, #854, #1518, #1161, #170 ),
 ( #1181, #1856, #1690, #2157, #2150, #2014 ),
 ( #667, #1513, #1832, #862, #2000, #1993 ),
 ( #2023, #510, #366, #1166, #8, #1341 ),
 ( #184, #677, #1189, #520, #191, #344 ),
 ( #1363, #1843, #1825, #841, #1335, #2 ),
 ( #335, #352, #2006, #831, #157, #1017 ),
 ( #1661, #177, #1351, #33, #569, #213 ) ),
 .UNSPECIFIED., .F., .F., .F.,
 ( 4, 2, 2, 2, 2, 2, 4 ),
 ( 4, 2, 4 ),
 ( 0.0000000000000000000, 0.2284727668882797200, 0.3551510197448700100, 0.4818292726014603000, 0.6138194626480464300, 0.7458096526946325100, 1.000000000000000000 ),
 ( 0.0000000000000000000, 0.5000000000000000000, 1.000000000000000000 ),
 .UNSPECIFIED. ) ;
#1174 = DIRECTION ( 'NONE',  ( -0.0000000000000000000, -1.000000000000000000, -0.0000000000000000000 ) ) ;
#1175 = PRODUCT_RELATED_PRODUCT_CATEGORY ( 'part', '', ( #1859 ) ) ;
#1176 = CARTESIAN_POINT ( 'NONE',  ( 0.1100441988521050600, 0.5342570497108393200, -1.473534652093448000 ) ) ;
#1177 = VECTOR ( 'NONE', #607, 1000.000000000000000 ) ;
#1178 = VERTEX_POINT ( 'NONE', #923 ) ;
#1179 = CARTESIAN_POINT ( 'NONE',  ( 1.199999999999994600, 0.0000000000000000000, -1.410000000000000100 ) ) ;
#1180 = ORIENTED_EDGE ( 'NONE', *, *, #733, .T. ) ;
#1181 = CARTESIAN_POINT ( 'NONE',  ( 1.094988751262049300, 0.5308321127576396400, -0.1230662433194839600 ) ) ;
#1182 = VECTOR ( 'NONE', #879, 1000.000000000000000 ) ;
#1183 = VERTEX_POINT ( 'NONE', #262 ) ;
#1184 = CARTESIAN_POINT ( 'NONE',  ( 1.094988751262045500, 0.5308321127576390900, -1.476933756680515200 ) ) ;
#1185 = EDGE_CURVE ( 'NONE', #6, #1975, #561, .T. ) ;
#1186 = VERTEX_POINT ( 'NONE', #1571 ) ;
#1187 = CARTESIAN_POINT ( 'NONE',  ( 0.04999999999999834400, 0.1200000000000000000, -0.4100000000000000900 ) ) ;
#1188 = EDGE_CURVE ( 'NONE', #1682, #716, #1730, .T. ) ;
#1189 = CARTESIAN_POINT ( 'NONE',  ( 1.070452656618599700, 0.5434921317836184400, -0.1333711487724400800 ) ) ;
#1190 = VERTEX_POINT ( 'NONE', #1608 ) ;
#1191 = DIRECTION ( 'NONE',  ( 0.0000000000000000000, 1.000000000000000000, 0.0000000000000000000 ) ) ;
#1192 = MECHANICAL_DESIGN_GEOMETRIC_PRESENTATION_REPRESENTATION (  '', ( #56 ), #287 ) ;
#1193 = CARTESIAN_POINT ( 'NONE',  ( 1.035773867132061500, 0.5500000000000000400, -1.435773867132061900 ) ) ;
#1194 = DIRECTION ( 'NONE',  ( 0.1391731009600657400, -0.9902680687415702500, -0.0000000000000000000 ) ) ;
#1195 = CARTESIAN_POINT ( 'NONE',  ( 0.08335540315062683900, 0.5088063720853255300, -1.490921050904706600 ) ) ;
#1196 = CARTESIAN_POINT ( 'NONE',  ( 0.1276896086809671300, 0.5431320821136279600, -0.1353372193320893100 ) ) ;
#1197 = CARTESIAN_POINT ( 'NONE',  ( 0.1276896086136824200, 0.5431320821157426000, -1.464662780669616900 ) ) ;
#1198 = DIRECTION ( 'NONE',  ( 0.0000000000000000000, 0.0000000000000000000, -1.000000000000000000 ) ) ;
#1199 = DIRECTION ( 'NONE',  ( -0.0000000000000000000, 1.000000000000000000, 0.0000000000000000000 ) ) ;
#1200 = CARTESIAN_POINT ( 'NONE',  ( 1.074108039431950900, 0.5424119827778990400, -1.462648460974640200 ) ) ;
#1201 = ITEM_DEFINED_TRANSFORMATION ( 'NONE', 'NONE', #595,  #1443 ) ;
#1202 = CARTESIAN_POINT ( 'NONE',  ( 1.133150133033644000, 0.4756615193578201900, -1.500001118519167100 ) ) ;
#1203 = CARTESIAN_POINT ( 'NONE',  ( 0.1202704297400082900, 0.5364609542212118700, -0.1148246514052771300 ) ) ;
#1204 = VECTOR ( 'NONE', #623, 1000.000000000000000 ) ;
#1205 = STYLED_ITEM ( 'NONE', ( #843 ), #1578 ) ;
#1206 = FILL_AREA_STYLE ('',( #559 ) ) ;
#1207 = CARTESIAN_POINT ( 'NONE',  ( 1.133229850592528900, 0.4750942994529860900, -0.09999893550288943600 ) ) ;
#1208 = CIRCLE ( 'NONE', #331, 0.1000000000000000500 ) ;
#1209 = COLOUR_RGB ( '',0.8000000000000000400, 0.8078431372549019800, 0.8000000000000000400 ) ;
#1210 = ORIENTED_EDGE ( 'NONE', *, *, #1858, .F. ) ;
#1211 = APPLICATION_CONTEXT ( 'automotive_design' ) ;
#1212 = LINE ( 'NONE', #2007, #907 ) ;
#1213 = EDGE_LOOP ( 'NONE', ( #1727, #593, #1266 ) ) ;
#1214 = VECTOR ( 'NONE', #1769, 1000.000000000000000 ) ;
#1215 = SURFACE_STYLE_USAGE ( .BOTH. , #2035 ) ;
#1216 = EDGE_LOOP ( 'NONE', ( #1404, #1446 ) ) ;
#1217 = CARTESIAN_POINT ( 'NONE',  ( 1.199999999999999700, 0.0000000000000000000, -0.4100000000000000900 ) ) ;
#1218 = APPLICATION_CONTEXT ( 'automotive_design' ) ;
#1219 = EDGE_CURVE ( 'NONE', #645, #1992, #508, .T. ) ;
#1220 = ORIENTED_EDGE ( 'NONE', *, *, #782, .T. ) ;
#1221 = CARTESIAN_POINT ( 'NONE',  ( 1.099999999999999000, 0.0000000000000000000, 0.0000000000000000000 ) ) ;
#1222 = AXIS2_PLACEMENT_3D ( 'NONE', #835, #829, #156 ) ;
#1223 = SURFACE_STYLE_USAGE ( .BOTH. , #1394 ) ;
#1224 = CARTESIAN_POINT ( 'NONE',  ( 1.046227878254736100, 0.5500000000000000400, -1.450635219495511700 ) ) ;
#1225 = CONTEXT_DEPENDENT_SHAPE_REPRESENTATION ( #1920, #576 ) ;
#1226 = CARTESIAN_POINT ( 'NONE',  ( 1.134800674006218400, 0.4639173100960066700, -0.1000000000000007100 ) ) ;
#1227 = EDGE_CURVE ( 'NONE', #221, #844, #2159, .T. ) ;
#1228 = CARTESIAN_POINT ( 'NONE',  ( 0.1052091372729981000, 0.5307550991691645200, -1.476767455793486000 ) ) ;
#1229 = FACE_OUTER_BOUND ( 'NONE', #1053, .T. ) ;
#1230 = CARTESIAN_POINT ( 'NONE',  ( -0.3864257737476569100, 0.3789008000700718700, 2.057113306679769300 ) ) ;
#1231 = VECTOR ( 'NONE', #1094, 1000.000000000000100 ) ;
#1232 = ORIENTED_EDGE ( 'NONE', *, *, #552, .F. ) ;
#1233 = CARTESIAN_POINT ( 'NONE',  ( 0.05000000000000009300, 0.1200000000000000000, -0.9100000000000001400 ) ) ;
#1234 = CARTESIAN_POINT ( 'NONE',  ( 0.1642261328679381900, 0.5500000000000000400, -0.1642261328679381300 ) ) ;
#1235 = FACE_OUTER_BOUND ( 'NONE', #1427, .T. ) ;
#1236 = VERTEX_POINT ( 'NONE', #449 ) ;
#1237 = LINE ( 'NONE', #1716, #1421 ) ;
#1238 = PLANE ( 'NONE',  #876 ) ;
#1239 =( NAMED_UNIT ( * ) SI_UNIT ( $, .STERADIAN. ) SOLID_ANGLE_UNIT ( ) );
#1240 = VERTEX_POINT ( 'NONE', #457 ) ;
#1241 = CARTESIAN_POINT ( 'NONE',  ( 1.183135099835712600, 0.1200000000000000000, -0.9100000000000001400 ) ) ;
#1242 = PLANE ( 'NONE',  #271 ) ;
#1243 = ORIENTED_EDGE ( 'NONE', *, *, #1185, .F. ) ;
#1244 = MECHANICAL_DESIGN_GEOMETRIC_PRESENTATION_REPRESENTATION (  '', ( #1205 ), #1618 ) ;
#1245 = DIRECTION ( 'NONE',  ( 1.000000000000000000, 0.0000000000000000000, -0.0000000000000000000 ) ) ;
#1246 = VECTOR ( 'NONE', #1174, 1000.000000000000000 ) ;
#1247 = DIRECTION ( 'NONE',  ( 0.0000000000000000000, 0.0000000000000000000, -1.000000000000000000 ) ) ;
#1248 = CARTESIAN_POINT ( 'NONE',  ( 0.1090789490952794000, 0.5088063720853340800, -0.08335540315063270900 ) ) ;
#1249 = VECTOR ( 'NONE', #1623, 1000.000000000000000 ) ;
#1250 = CARTESIAN_POINT ( 'NONE',  ( 0.0000000000000000000, 0.1200000000000000000, 0.0000000000000000000 ) ) ;
#1251 = PRESENTATION_LAYER_ASSIGNMENT (  '', '', ( #21 ) ) ;
#1252 = CARTESIAN_POINT ( 'NONE',  ( 1.183135099835712600, 0.1200000000000000000, -0.1000000000000007100 ) ) ;
#1253 =( REPRESENTATION_RELATIONSHIP ('NONE','NONE', #1930, #201 ) REPRESENTATION_RELATIONSHIP_WITH_TRANSFORMATION ( #2104 )SHAPE_REPRESENTATION_RELATIONSHIP( ) );
#1254 = LINE ( 'NONE', #1250, #1052 ) ;
#1255 = ORIENTED_EDGE ( 'NONE', *, *, #601, .F. ) ;
#1256 = ADVANCED_FACE ( 'NONE', ( #582 ), #776, .F. ) ;
#1257 = FACE_OUTER_BOUND ( 'NONE', #509, .T. ) ;
#1258 = MECHANICAL_DESIGN_GEOMETRIC_PRESENTATION_REPRESENTATION (  '', ( #1416 ), #1490 ) ;
#1259 = VERTEX_POINT ( 'NONE', #1949 ) ;
#1260 = DIRECTION ( 'NONE',  ( 1.000000000000000000, 0.0000000000000000000, 0.0000000000000000000 ) ) ;
#1261 = LINE ( 'NONE', #983, #1321 ) ;
#1262 = VERTEX_POINT ( 'NONE', #1612 ) ;
#1263 = PLANE ( 'NONE',  #603 ) ;
#1264 = CARTESIAN_POINT ( 'NONE',  ( 1.199999999999999700, 0.0000000000000000000, -0.1000000000000007100 ) ) ;
#1265 = UNCERTAINTY_MEASURE_WITH_UNIT (LENGTH_MEASURE( 1.000000000000000100E-005 ), #1124, 'distance_accuracy_value', 'NONE');
#1266 = ORIENTED_EDGE ( 'NONE', *, *, #1144, .F. ) ;
#1267 = PLANE ( 'NONE',  #984 ) ;
#1268 = EDGE_CURVE ( 'NONE', #1710, #2147, #1555, .T. ) ;
#1269 = ORIENTED_EDGE ( 'NONE', *, *, #730, .T. ) ;
#1270 = CARTESIAN_POINT ( 'NONE',  ( 0.1019704375493751400, 0.4873703522347912500, -1.528965043671278100 ) ) ;
#1271 = EDGE_CURVE ( 'NONE', #1135, #1125, #1863, .T. ) ;
#1272 = DIRECTION ( 'NONE',  ( 1.000000000000000000, 0.0000000000000000000, 0.0000000000000000000 ) ) ;
#1273 = DIRECTION ( 'NONE',  ( -1.000000000000000000, 0.0000000000000000000, 0.0000000000000000000 ) ) ;
#1274 = B_SPLINE_CURVE_WITH_KNOTS ( 'NONE', 3,
 ( #769, #2099, #270, #1115, #2107, #1448, #456, #619, #781, #290, #326, #1481, #1163, #1328 ),
 .UNSPECIFIED., .F., .F.,
 ( 4, 2, 2, 2, 2, 2, 4 ),
 ( 0.0000000000000000000, 0.2541903473053357400, 0.3861805373519133800, 0.5181707273984910200, 0.6448489802550909600, 0.7715272331116909100, 1.000000000000000000 ),
 .UNSPECIFIED. ) ;
#1275 = CARTESIAN_POINT ( 'NONE',  ( 0.1445841990330267200, 0.5484492961495945900, -1.453350021772359800 ) ) ;
#1276 = DIRECTION ( 'NONE',  ( 1.000000000000000000, 0.0000000000000000000, -0.0000000000000000000 ) ) ;
#1277 = CARTESIAN_POINT ( 'NONE',  ( -1.657649242907119400E-015, -0.0000000000000000000, -0.1900000000000000600 ) ) ;
#1278 = PLANE ( 'NONE',  #1044 ) ;
#1279 = CARTESIAN_POINT ( 'NONE',  ( 1.149999999999994600, 0.0000000000000000000, -1.410000000000000100 ) ) ;
#1280 = ITEM_DEFINED_TRANSFORMATION ( 'NONE', 'NONE', #1148,  #1443 ) ;
#1281 = CARTESIAN_POINT ( 'NONE',  ( 0.2500000000000001100, 0.1200000000000000000, 0.0000000000000000000 ) ) ;
#1282 = FACE_OUTER_BOUND ( 'NONE', #975, .T. ) ;
#1283 = CARTESIAN_POINT ( 'NONE',  ( 0.04999999999999834400, 0.1200000000000000000, -0.4100000000000000900 ) ) ;
#1284 = ORIENTED_EDGE ( 'NONE', *, *, #1527, .F. ) ;
#1285 = DIRECTION ( 'NONE',  ( -0.1391731009600657400, -0.9902680687415702500, -0.0000000000000000000 ) ) ;
#1286 = DIRECTION ( 'NONE',  ( -0.0000000000000000000, -0.0000000000000000000, -1.000000000000000000 ) ) ;
#1287 = LINE ( 'NONE', #1042, #948 ) ;
#1288 = ORIENTED_EDGE ( 'NONE', *, *, #743, .F. ) ;
#1289 = LINE ( 'NONE', #889, #2116 ) ;
#1290 = PRESENTATION_LAYER_ASSIGNMENT (  '', '', ( #56 ) ) ;
#1291 = DIRECTION ( 'NONE',  ( 0.0000000000000000000, 0.0000000000000000000, 1.000000000000000000 ) ) ;
#1292 = ORIENTED_EDGE ( 'NONE', *, *, #1313, .F. ) ;
#1293 = ORIENTED_EDGE ( 'NONE', *, *, #2115, .T. ) ;
#1294 = ADVANCED_FACE ( 'NONE', ( #55 ), #1267, .F. ) ;
#1295 = CARTESIAN_POINT ( 'NONE',  ( 0.1000000000000000200, 0.0000000000000000000, -1.500000000000000000 ) ) ;
#1296 = ORIENTED_EDGE ( 'NONE', *, *, #1384, .F. ) ;
#1297 = CARTESIAN_POINT ( 'NONE',  ( 1.134447737253460900, 0.4664285855804951600, -1.518221590299651200 ) ) ;
#1298 = EDGE_CURVE ( 'NONE', #1449, #1739, #1129, .T. ) ;
#1299 = EDGE_CURVE ( 'NONE', #1240, #1526, #1370, .T. ) ;
#1300 = VECTOR ( 'NONE', #1336, 1000.000000000000000 ) ;
#1301 = CARTESIAN_POINT ( 'NONE',  ( 0.04999999999999834400, 0.0000000000000000000, -0.1900000000000000600 ) ) ;
#1302 = CARTESIAN_POINT ( 'NONE',  ( 0.05000000000000009300, 0.1200000000000000000, -0.6900000000000000600 ) ) ;
#1303 = PRESENTATION_LAYER_ASSIGNMENT (  '', '', ( #1416 ) ) ;
#1304 = ADVANCED_FACE ( 'NONE', ( #685 ), #1940, .F. ) ;
#1305 = PLANE ( 'NONE',  #1987 ) ;
#1306 = UNCERTAINTY_MEASURE_WITH_UNIT (LENGTH_MEASURE( 1.000000000000000100E-005 ), #596, 'distance_accuracy_value', 'NONE');
#1307 = CARTESIAN_POINT ( 'NONE',  ( 0.07103495632812371900, 0.4873703522333643300, -0.1019704375529951300 ) ) ;
#1308 = CARTESIAN_POINT ( 'NONE',  ( 1.117999136121179400, 0.4658584665154680300, -0.06938641650151505800 ) ) ;
#1309 = LINE ( 'NONE', #1096, #1616 ) ;
#1310 = PLANE ( 'NONE',  #1744 ) ;
#1311 = EDGE_CURVE ( 'NONE', #645, #1350, #1287, .T. ) ;
#1312 = CARTESIAN_POINT ( 'NONE',  ( 0.05000000000000533200, 0.0000000000000000000, -1.190000000000000200 ) ) ;
#1313 = EDGE_CURVE ( 'NONE', #359, #1183, #408, .T. ) ;
#1314 = CARTESIAN_POINT ( 'NONE',  ( 0.2999999999999999900, 0.5200000000000000200, -1.300000000000000000 ) ) ;
#1315 = EDGE_LOOP ( 'NONE', ( #169, #220, #749, #1599 ) ) ;
#1316 = CARTESIAN_POINT ( 'NONE',  ( 0.1139715311354715400, 0.5184882929911094300, -0.09117481240902713900 ) ) ;
#1317 = B_SPLINE_CURVE_WITH_KNOTS ( 'NONE', 3,
 ( #1889, #1202, #536, #1884, #194, #380, #209, #1692, #1543, #1701, #883, #2032 ),
 .UNSPECIFIED., .F., .F.,
 ( 4, 2, 2, 2, 2, 4 ),
 ( 0.0000000000000000000, 0.2500000000000042700, 0.3750000000000082700, 0.4375000000000095500, 0.5000000000000108800, 1.000000000000000000 ),
 .UNSPECIFIED. ) ;
#1318 = VECTOR ( 'NONE', #102, 1000.000000000000100 ) ;
#1319 = DIRECTION ( 'NONE',  ( -0.0000000000000000000, -1.000000000000000000, -0.0000000000000000000 ) ) ;
#1320 =( GEOMETRIC_REPRESENTATION_CONTEXT ( 3 ) GLOBAL_UNCERTAINTY_ASSIGNED_CONTEXT ( ( #1265 ) ) GLOBAL_UNIT_ASSIGNED_CONTEXT ( ( #1124, #790, #989 ) ) REPRESENTATION_CONTEXT ( 'NONE', 'WORKASPACE' ) );
#1321 = VECTOR ( 'NONE', #652, 1000.000000000000000 ) ;
#1322 = LINE ( 'NONE', #622, #1971 ) ;
#1323 = CARTESIAN_POINT ( 'NONE',  ( 1.105635113728089800, 0.4903705520905091200, -1.527707959986339700 ) ) ;
#1324 = VERTEX_POINT ( 'NONE', #1870 ) ;
#1325 = CARTESIAN_POINT ( 'NONE',  ( 0.1090789490952794000, 0.5088063720853340800, -0.08335540315063270900 ) ) ;
#1326 = VERTEX_POINT ( 'NONE', #203 ) ;
#1327 = CARTESIAN_POINT ( 'NONE',  ( 1.100001064497109900, 0.4750942994529864200, -0.06677014940747076600 ) ) ;
#1328 = CARTESIAN_POINT ( 'NONE',  ( 0.06519932599378110100, 0.4639173100960066700, -0.1000000000000002600 ) ) ;
#1329 = UNCERTAINTY_MEASURE_WITH_UNIT (LENGTH_MEASURE( 1.000000000000000100E-005 ), #1550, 'distance_accuracy_value', 'NONE');
#1330 = CARTESIAN_POINT ( 'NONE',  ( 0.1537874749122305500, 0.5500000000000000400, -1.443116795534956900 ) ) ;
#1331 = CARTESIAN_POINT ( 'NONE',  ( 1.095425440988014900, 0.5222025492577788700, -1.503223190920578900 ) ) ;
#1332 = ADVANCED_FACE ( 'NONE', ( #1418 ), #1565, .T. ) ;
#1333 = CARTESIAN_POINT ( 'NONE',  ( 0.06519932599378111500, 0.4639173100960066200, -0.1000000000000002600 ) ) ;
#1334 = EDGE_CURVE ( 'NONE', #1190, #1975, #1679, .T. ) ;
#1335 = CARTESIAN_POINT ( 'NONE',  ( 1.052334153514797200, 0.5483337186186739700, -0.1435342877812849400 ) ) ;
#1336 = DIRECTION ( 'NONE',  ( 1.000000000000000000, -0.0000000000000000000, -0.0000000000000000000 ) ) ;
#1337 =( GEOMETRIC_REPRESENTATION_CONTEXT ( 3 ) GLOBAL_UNCERTAINTY_ASSIGNED_CONTEXT ( ( #91 ) ) GLOBAL_UNIT_ASSIGNED_CONTEXT ( ( #517, #1685, #1872 ) ) REPRESENTATION_CONTEXT ( 'NONE', 'WORKASPACE' ) );
#1338 = CARTESIAN_POINT ( 'NONE',  ( 0.09117481240901925700, 0.5184882929911006600, -1.486028468864515600 ) ) ;
#1339 = CARTESIAN_POINT ( 'NONE',  ( 0.09133174956500200700, 0.4774782885430498600, -0.06728120373168051900 ) ) ;
#1340 = LINE ( 'NONE', #694, #318 ) ;
#1341 = CARTESIAN_POINT ( 'NONE',  ( 1.066392004240503300, 0.5400469847209706800, -0.1204845547671532800 ) ) ;
#1342 = ORIENTED_EDGE ( 'NONE', *, *, #374, .F. ) ;
#1343 = LINE ( 'NONE', #1059, #740 ) ;
#1344 = CARTESIAN_POINT ( 'NONE',  ( 1.046212525087763200, 0.5500000000000000400, -1.443116795534970200 ) ) ;
#1345 = ORIENTED_EDGE ( 'NONE', *, *, #1012, .F. ) ;
#1346 = EDGE_CURVE ( 'NONE', #1780, #1892, #1317, .T. ) ;
#1347 = CARTESIAN_POINT ( 'NONE',  ( 0.1100441988521157300, 0.5342570497108464200, -0.1264653479065422400 ) ) ;
#1348 = UNCERTAINTY_MEASURE_WITH_UNIT (LENGTH_MEASURE( 1.000000000000000100E-005 ), #1065, 'distance_accuracy_value', 'NONE');
#1349 = VECTOR ( 'NONE', #1606, 1000.000000000000000 ) ;
#1350 = VERTEX_POINT ( 'NONE', #370 ) ;
#1351 = CARTESIAN_POINT ( 'NONE',  ( 1.035773867132061500, 0.5500000000000000400, -0.1642261328679381300 ) ) ;
#1352 = PRODUCT_DEFINITION_SHAPE ( 'NONE', 'NONE',  #2163 ) ;
#1353 = ORIENTED_EDGE ( 'NONE', *, *, #523, .F. ) ;
#1354 = CARTESIAN_POINT ( 'NONE',  ( 1.064662780669680000, 0.5431320821157590300, -1.472310391386324000 ) ) ;
#1355 = ORIENTED_EDGE ( 'NONE', *, *, #671, .T. ) ;
#1356 = CARTESIAN_POINT ( 'NONE',  ( 0.1230662433194717200, 0.5308321127576469700, -0.1050112487379611100 ) ) ;
#1357 = CARTESIAN_POINT ( 'NONE',  ( 1.114535821554960600, 0.5117203509793525300, -0.1031779366114899300 ) ) ;
#1358 = VECTOR ( 'NONE', #1836, 1000.000000000000000 ) ;
#1359 = CARTESIAN_POINT ( 'NONE',  ( 1.079515445232843500, 0.5400469847209694600, -1.466392004240509600 ) ) ;
#1360 = CARTESIAN_POINT ( 'NONE',  ( 0.1019704375530070800, 0.4873703522333584500, -1.528965043671878000 ) ) ;
#1361 = CARTESIAN_POINT ( 'NONE',  ( 0.1558897678104859400, 0.5500000000000000400, -0.1548476197688372600 ) ) ;
#1362 =( GEOMETRIC_REPRESENTATION_CONTEXT ( 3 ) GLOBAL_UNCERTAINTY_ASSIGNED_CONTEXT ( ( #1348 ) ) GLOBAL_UNIT_ASSIGNED_CONTEXT ( ( #1065, #1740, #1574 ) ) REPRESENTATION_CONTEXT ( 'NONE', 'WORKASPACE' ) );
#1363 = CARTESIAN_POINT ( 'NONE',  ( 1.057670100982468900, 0.5481025635590728300, -0.1488021495243880600 ) ) ;
#1364 = PLANE ( 'NONE',  #1972 ) ;
#1365 = CARTESIAN_POINT ( 'NONE',  ( 1.057670100982462500, 0.5481025635590715000, -1.451197850475623600 ) ) ;
#1366 = FILL_AREA_STYLE ('',( #1393 ) ) ;
#1367 = CARTESIAN_POINT ( 'NONE',  ( 0.09785243326624813700, 0.5250652807736141400, -1.487635800693153400 ) ) ;
#1368 = LINE ( 'NONE', #1820, #455 ) ;
#1369 = CARTESIAN_POINT ( 'NONE',  ( 0.1466499782277163000, 0.5484492961495660600, -0.1445841990330254100 ) ) ;
#1370 = LINE ( 'NONE', #2108, #1524 ) ;
#1371 = ORIENTED_EDGE ( 'NONE', *, *, #861, .F. ) ;
#1372 = CARTESIAN_POINT ( 'NONE',  ( 1.035773867132061500, 0.5500000000000000400, -1.435773867132061900 ) ) ;
#1373 = FACE_OUTER_BOUND ( 'NONE', #490, .T. ) ;
#1374 = DIRECTION ( 'NONE',  ( 0.1391731009600657400, 0.9902680687415702500, -0.0000000000000000000 ) ) ;
#1375 = ORIENTED_EDGE ( 'NONE', *, *, #827, .T. ) ;
#1376 = EDGE_CURVE ( 'NONE', #1564, #6, #919, .T. ) ;
#1377 = ORIENTED_EDGE ( 'NONE', *, *, #415, .F. ) ;
#1378 = DIRECTION ( 'NONE',  ( -1.000000000000000000, 0.0000000000000000000, -0.0000000000000000000 ) ) ;
#1379 = ORIENTED_EDGE ( 'NONE', *, *, #1873, .F. ) ;
#1380 = DIRECTION ( 'NONE',  ( 0.0000000000000000000, 0.0000000000000000000, 1.000000000000000000 ) ) ;
#1381 = STYLED_ITEM ( 'NONE', ( #1806 ), #1828 ) ;
#1382 = EDGE_LOOP ( 'NONE', ( #793, #251, #491, #2066 ) ) ;
#1383 = DIRECTION ( 'NONE',  ( 1.000000000000000000, 0.0000000000000000000, 0.0000000000000000000 ) ) ;
#1384 = EDGE_CURVE ( 'NONE', #1784, #659, #533, .T. ) ;
#1385 = CARTESIAN_POINT ( 'NONE',  ( 0.05000000000000533200, 0.1200000000000000000, -1.190000000000000200 ) ) ;
#1386 = DIRECTION ( 'NONE',  ( 1.000000000000000000, 0.0000000000000000000, -0.0000000000000000000 ) ) ;
#1387 = EDGE_CURVE ( 'NONE', #1559, #1105, #1795, .T. ) ;
#1388 =( NAMED_UNIT ( * ) PLANE_ANGLE_UNIT ( ) SI_UNIT ( $, .RADIAN. ) );
#1389 = PLANE ( 'NONE',  #1747 ) ;
#1390 = CARTESIAN_POINT ( 'NONE',  ( 1.094988751262049300, 0.5308321127576396400, -0.1230662433194839600 ) ) ;
#1391 = LINE ( 'NONE', #597, #1551 ) ;
#1392 = VERTEX_POINT ( 'NONE', #42 ) ;
#1393 = FILL_AREA_STYLE_COLOUR ( '', #1209 ) ;
#1394 = SURFACE_SIDE_STYLE ('',( #2106 ) ) ;
#1395 = VECTOR ( 'NONE', #285, 1000.000000000000000 ) ;
#1396 = ORIENTED_EDGE ( 'NONE', *, *, #782, .F. ) ;
#1397 = ORIENTED_EDGE ( 'NONE', *, *, #1903, .T. ) ;
#1398 = CARTESIAN_POINT ( 'NONE',  ( 1.065802519472489400, 0.5403562556492681500, -1.478981265054358600 ) ) ;
#1399 = CARTESIAN_POINT ( 'NONE',  ( 1.116644596849374800, 0.5088063720853246400, -0.1090789490952928800 ) ) ;
#1400 = ORIENTED_EDGE ( 'NONE', *, *, #1299, .T. ) ;
#1401 = ORIENTED_EDGE ( 'NONE', *, *, #779, .F. ) ;
#1402 = DIRECTION ( 'NONE',  ( 0.0000000000000000000, 0.0000000000000000000, 1.000000000000000000 ) ) ;
#1403 = B_SPLINE_CURVE_WITH_KNOTS ( 'NONE', 3,
 ( #1886, #1224, #228, #1398, #870, #2034, #1931, #1579, #1924, #1907, #264, #235 ),
 .UNSPECIFIED., .F., .F.,
 ( 4, 2, 2, 2, 2, 4 ),
 ( 0.0000000000000000000, 0.2499999999999998900, 0.3750000000000001700, 0.4374999999999997800, 0.4999999999999993300, 1.000000000000000000 ),
 .UNSPECIFIED. ) ;
#1404 = ORIENTED_EDGE ( 'NONE', *, *, #1904, .T. ) ;
#1405 = EDGE_LOOP ( 'NONE', ( #460, #1499, #771, #1255 ) ) ;
#1406 = DIRECTION ( 'NONE',  ( 0.0000000000000000000, 0.0000000000000000000, 1.000000000000000000 ) ) ;
#1407 = DIRECTION ( 'NONE',  ( 0.0000000000000000000, 0.0000000000000000000, 1.000000000000000000 ) ) ;
#1408 = DIRECTION ( 'NONE',  ( -1.000000000000000000, 0.0000000000000000000, -0.0000000000000000000 ) ) ;
#1409 = EDGE_CURVE ( 'NONE', #1992, #1449, #846, .T. ) ;
#1410 = AXIS2_PLACEMENT_3D ( 'NONE', #130, #822, #968 ) ;
#1411 = SURFACE_SIDE_STYLE ('',( #633 ) ) ;
#1412 = SHAPE_REPRESENTATION_RELATIONSHIP ( 'NONE' , 'NONE' ,  #697, #323 ) ;
#1413 =( REPRESENTATION_RELATIONSHIP ('NONE','NONE', #1930, #201 ) REPRESENTATION_RELATIONSHIP_WITH_TRANSFORMATION ( #236 )SHAPE_REPRESENTATION_RELATIONSHIP( ) );
#1414 = PRODUCT_DEFINITION_SHAPE ( 'NONE', 'NONE',  #2162 ) ;
#1415 = FACE_OUTER_BOUND ( 'NONE', #57, .T. ) ;
#1416 = STYLED_ITEM ( 'NONE', ( #49 ), #1933 ) ;
#1417 = CARTESIAN_POINT ( 'NONE',  ( 0.04999999999999834400, 0.1200000000000000000, -0.4100000000000000900 ) ) ;
#1418 = FACE_OUTER_BOUND ( 'NONE', #828, .T. ) ;
#1419 = VERTEX_POINT ( 'NONE', #726 ) ;
#1420 = UNCERTAINTY_MEASURE_WITH_UNIT (LENGTH_MEASURE( 1.000000000000000100E-005 ), #1734, 'distance_accuracy_value', 'NONE');
#1421 = VECTOR ( 'NONE', #723, 1000.000000000000000 ) ;
#1422 = CARTESIAN_POINT ( 'NONE',  ( 1.199999999999999700, 0.0000000000000000000, -0.6900000000000000600 ) ) ;
#1423 = EDGE_CURVE ( 'NONE', #2040, #1456, #1343, .T. ) ;
#1424 = ORIENTED_EDGE ( 'NONE', *, *, #861, .T. ) ;
#1425 = PLANE ( 'NONE',  #1866 ) ;
#1426 = EDGE_CURVE ( 'NONE', #1105, #359, #1109, .T. ) ;
#1427 = EDGE_LOOP ( 'NONE', ( #1552, #1684, #535, #1973 ) ) ;
#1428 = ORIENTED_EDGE ( 'NONE', *, *, #479, .F. ) ;
#1429 = CARTESIAN_POINT ( 'NONE',  ( 1.150000000000001700, 0.1200000000000000000, -0.1900000000000000600 ) ) ;
#1430 = FILL_AREA_STYLE ('',( #1583 ) ) ;
#1431 = PRODUCT_CONTEXT ( 'NONE', #50, 'mechanical' ) ;
#1432 = CARTESIAN_POINT ( 'NONE',  ( 0.05000000000000009300, 0.0000000000000000000, -0.9100000000000001400 ) ) ;
#1433 = CARTESIAN_POINT ( 'NONE',  ( 0.06519932599378108800, 0.4639173100960066700, -1.499999999999999300 ) ) ;
#1434 = DIRECTION ( 'NONE',  ( -1.000000000000000000, 0.0000000000000000000, 0.0000000000000000000 ) ) ;
#1435 = DIRECTION ( 'NONE',  ( 1.000000000000000000, 0.0000000000000000000, -0.0000000000000000000 ) ) ;
#1436 = CARTESIAN_POINT ( 'NONE',  ( 0.05000000000000009300, 0.0000000000000000000, -0.9100000000000001400 ) ) ;
#1437 = DIRECTION ( 'NONE',  ( 1.000000000000000000, -0.0000000000000000000, 0.0000000000000000000 ) ) ;
#1438 = VECTOR ( 'NONE', #1644, 1000.000000000000000 ) ;
#1439 = SURFACE_STYLE_USAGE ( .BOTH. , #699 ) ;
#1440 = LINE ( 'NONE', #2084, #107 ) ;
#1441 = ORIENTED_EDGE ( 'NONE', *, *, #413, .F. ) ;
#1442 = LINE ( 'NONE', #1733, #245 ) ;
#1443 = AXIS2_PLACEMENT_3D ( 'NONE', #1043, #1677, #205 ) ;
#1444 = ORIENTED_EDGE ( 'NONE', *, *, #1154, .T. ) ;
#1445 = VECTOR ( 'NONE', #148, 1000.000000000000000 ) ;
#1446 = ORIENTED_EDGE ( 'NONE', *, *, #150, .T. ) ;
#1447 = SURFACE_STYLE_USAGE ( .BOTH. , #1106 ) ;
#1448 = CARTESIAN_POINT ( 'NONE',  ( 0.1100441988530196800, 0.5342570497114257400, -0.1264653479052665600 ) ) ;
#1449 = VERTEX_POINT ( 'NONE', #48 ) ;
#1450 = DIRECTION ( 'NONE',  ( -9.053506704746858900E-016, -0.9902680687415703600, 0.1391731009600657700 ) ) ;
#1451 = CARTESIAN_POINT ( 'NONE',  ( 1.199999999999999700, 0.0000000000000000000, -0.1000000000000007100 ) ) ;
#1452 = PRODUCT_DEFINITION_SHAPE ( 'NONE', 'NONE',  #2160 ) ;
#1453 = ORIENTED_EDGE ( 'NONE', *, *, #1611, .T. ) ;
#1454 = CARTESIAN_POINT ( 'NONE',  ( 0.1373515390244066700, 0.5424119827782416500, -1.474108039431096600 ) ) ;
#1455 = EDGE_CURVE ( 'NONE', #1559, #1183, #275, .T. ) ;
#1456 = VERTEX_POINT ( 'NONE', #903 ) ;
#1457 = CARTESIAN_POINT ( 'NONE',  ( 8.809142651444723500E-017, 0.0000000000000000000, -0.6900000000000000600 ) ) ;
#1458 = DIRECTION ( 'NONE',  ( 0.0000000000000000000, 0.0000000000000000000, 1.000000000000000000 ) ) ;
#1459 = LINE ( 'NONE', #847, #1246 ) ;
#1460 = ADVANCED_FACE ( 'NONE', ( #1809 ), #1263, .F. ) ;
#1461 = CARTESIAN_POINT ( 'NONE',  ( 0.1373515390253686200, 0.5424119827778978200, -1.474108039431955200 ) ) ;
#1462 = LINE ( 'NONE', #1283, #1641 ) ;
#1463 = DIRECTION ( 'NONE',  ( 1.000000000000000000, 0.0000000000000000000, 0.0000000000000000000 ) ) ;
#1464 = ORIENTED_EDGE ( 'NONE', *, *, #2072, .T. ) ;
#1465 = CARTESIAN_POINT ( 'NONE',  ( 1.134800674006218400, 0.4639173100960066700, -1.499999999999999800 ) ) ;
#1466 = ADVANCED_FACE ( 'NONE', ( #52 ), #1765, .F. ) ;
#1467 = DIRECTION ( 'NONE',  ( -1.000000000000000000, 0.0000000000000000000, 0.0000000000000000000 ) ) ;
#1468 = AXIS2_PLACEMENT_3D ( 'NONE', #249, #572, #417 ) ;
#1469 = LINE ( 'NONE', #1422, #219 ) ;
#1470 = ORIENTED_EDGE ( 'NONE', *, *, #1935, .T. ) ;
#1471 = FACE_OUTER_BOUND ( 'NONE', #562, .T. ) ;
#1472 = CARTESIAN_POINT ( 'NONE',  ( 1.099999999999999000, 0.0000000000000000000, -1.600000000000000100 ) ) ;
#1473 = ORIENTED_EDGE ( 'NONE', *, *, #1409, .T. ) ;
#1474 = CARTESIAN_POINT ( 'NONE',  ( 0.06728120373174778500, 0.4774782885431716500, -1.508668250434816600 ) ) ;
#1475 = CARTESIAN_POINT ( 'NONE',  ( 1.079789641539321600, 0.5272532555427645900, -0.1007012778588329800 ) ) ;
#1476 = LINE ( 'NONE', #1645, #1057 ) ;
#1477 = ORIENTED_EDGE ( 'NONE', *, *, #35, .F. ) ;
#1478 = UNCERTAINTY_MEASURE_WITH_UNIT (LENGTH_MEASURE( 1.000000000000000100E-005 ), #1494, 'distance_accuracy_value', 'NONE');
#1479 = VERTEX_POINT ( 'NONE', #1277 ) ;
#1480 = CARTESIAN_POINT ( 'NONE',  ( 1.099999999999999400, 0.4639173100960067300, -0.06519932599378108800 ) ) ;
#1481 = CARTESIAN_POINT ( 'NONE',  ( 0.07103495632861925300, 0.4873703522345469400, -0.1019704375499972100 ) ) ;
#1482 = ORIENTED_EDGE ( 'NONE', *, *, #1611, .F. ) ;
#1483 = DIRECTION ( 'NONE',  ( 0.0000000000000000000, 0.0000000000000000000, 1.000000000000000000 ) ) ;
#1484 = CARTESIAN_POINT ( 'NONE',  ( 1.149999999999999700, 0.1200000000000000000, -0.9100000000000001400 ) ) ;
#1485 = CARTESIAN_POINT ( 'NONE',  ( 0.06938641650151516900, 0.4658584665154679700, -0.08200086387882023200 ) ) ;
#1486 = MECHANICAL_DESIGN_GEOMETRIC_PRESENTATION_REPRESENTATION (  '', ( #21 ), #1703 ) ;
#1487 = SURFACE_STYLE_USAGE ( .BOTH. , #1804 ) ;
#1488 = CARTESIAN_POINT ( 'NONE',  ( 0.1543154277848005100, 0.5500000000000000400, -1.443600276243837800 ) ) ;
#1489 = CARTESIAN_POINT ( 'NONE',  ( 1.102198562136548700, 0.5131773405099803200, -1.511055441458516900 ) ) ;
#1490 =( GEOMETRIC_REPRESENTATION_CONTEXT ( 3 ) GLOBAL_UNCERTAINTY_ASSIGNED_CONTEXT ( ( #1306 ) ) GLOBAL_UNIT_ASSIGNED_CONTEXT ( ( #596, #2080, #908 ) ) REPRESENTATION_CONTEXT ( 'NONE', 'WORKASPACE' ) );
#1491 = CARTESIAN_POINT ( 'NONE',  ( 0.1123641993068759500, 0.5250652807735514100, -0.09785243326623652100 ) ) ;
#1492 = CARTESIAN_POINT ( 'NONE',  ( 1.128965043671878800, 0.4873703522333597800, -0.1019704375530069800 ) ) ;
#1493 = ADVANCED_FACE ( 'NONE', ( #158 ), #283, .F. ) ;
#1494 =( LENGTH_UNIT ( ) NAMED_UNIT ( * ) SI_UNIT ( .MILLI., .METRE. ) );
#1495 = FACE_OUTER_BOUND ( 'NONE', #1130, .T. ) ;
#1496 = CARTESIAN_POINT ( 'NONE',  ( 0.1000000000000007100, 0.0000000000000000000, -1.600000000000000100 ) ) ;
#1497 = CARTESIAN_POINT ( 'NONE',  ( 0.06677014940747054400, 0.4750942994529847000, -1.500001064497109800 ) ) ;
#1498 = FACE_OUTER_BOUND ( 'NONE', #1688, .T. ) ;
#1499 = ORIENTED_EDGE ( 'NONE', *, *, #1873, .T. ) ;
#1500 = CARTESIAN_POINT ( 'NONE',  ( 0.08285086160908572400, 0.4769830875950502000, -0.07074749004749873700 ) ) ;
#1501 = VECTOR ( 'NONE', #1121, 1000.000000000000000 ) ;
#1502 = VERTEX_POINT ( 'NONE', #2098 ) ;
#1503 = CARTESIAN_POINT ( 'NONE',  ( 1.106489568758861200, 0.5209644635971045800, -0.1091059288921705600 ) ) ;
#1504 = FILL_AREA_STYLE_COLOUR ( '', #250 ) ;
#1505 = FACE_OUTER_BOUND ( 'NONE', #621, .T. ) ;
#1506 = ORIENTED_EDGE ( 'NONE', *, *, #1423, .T. ) ;
#1507 = CARTESIAN_POINT ( 'NONE',  ( 0.2999999999999999900, 0.5200000000000000200, -1.300000000000000000 ) ) ;
#1508 = ORIENTED_EDGE ( 'NONE', *, *, #1594, .T. ) ;
#1509 = CARTESIAN_POINT ( 'NONE',  ( 0.1082366352201943600, 0.5261648966443609500, -1.499019244724588000 ) ) ;
#1510 = CARTESIAN_POINT ( 'NONE',  ( 0.08171473644431927200, 0.5065720434484105600, -0.1004308390616638300 ) ) ;
#1511 = ORIENTED_EDGE ( 'NONE', *, *, #1756, .T. ) ;
#1512 = ORIENTED_EDGE ( 'NONE', *, *, #638, .T. ) ;
#1513 = CARTESIAN_POINT ( 'NONE',  ( 1.087662492201699300, 0.5357263191620694800, -0.1232290620000837100 ) ) ;
#1514 = CARTESIAN_POINT ( 'NONE',  ( 0.0000000000000000000, 0.1200000000000000000, 0.0000000000000000000 ) ) ;
#1515 = CARTESIAN_POINT ( 'NONE',  ( 1.089955801147890900, 0.5342570497108394300, -1.473534652093447100 ) ) ;
#1516 = CARTESIAN_POINT ( 'NONE',  ( 0.1100645868271221000, 0.5335113430896640800, -1.483969552199625700 ) ) ;
#1517 = DIRECTION ( 'NONE',  ( 0.0000000000000000000, 0.0000000000000000000, 1.000000000000000000 ) ) ;
#1518 = CARTESIAN_POINT ( 'NONE',  ( 1.091763364779796400, 0.5261648966443532900, -0.1009807552754498600 ) ) ;
#1519 = CARTESIAN_POINT ( 'NONE',  ( 1.045152380168912000, 0.5500000000000000400, -1.444110232295272100 ) ) ;
#1520 = CARTESIAN_POINT ( 'NONE',  ( 0.1336079957594867600, 0.5400469847209746800, -0.1204845547671617700 ) ) ;
#1521 = CARTESIAN_POINT ( 'NONE',  ( 1.095425442816807500, 0.5222025496155310300, -0.09677681057188854100 ) ) ;
#1522 = SURFACE_STYLE_FILL_AREA ( #61 ) ;
#1523 = EDGE_LOOP ( 'NONE', ( #1888, #617, #1160, #199 ) ) ;
#1524 = VECTOR ( 'NONE', #772, 1000.000000000000000 ) ;
#1525 = CARTESIAN_POINT ( 'NONE',  ( 1.035773867132061500, 0.5500000000000000400, -1.435773867132061900 ) ) ;
#1526 = VERTEX_POINT ( 'NONE', #942 ) ;
#1527 = EDGE_CURVE ( 'NONE', #1083, #913, #1391, .T. ) ;
#1528 = CARTESIAN_POINT ( 'NONE',  ( 0.07622313490310286800, 0.4918706518464885900, -1.512740442336353100 ) ) ;
#1529 = VECTOR ( 'NONE', #1937, 1000.000000000000000 ) ;
#1530 = ORIENTED_EDGE ( 'NONE', *, *, #1726, .F. ) ;
#1531 = LINE ( 'NONE', #2136, #1445 ) ;
#1532 = VECTOR ( 'NONE', #1101, 1000.000000000000000 ) ;
#1533 = CARTESIAN_POINT ( 'NONE',  ( 1.102198562523187200, 0.5131773405934922900, -0.08894455887119497000 ) ) ;
#1534 = MECHANICAL_DESIGN_GEOMETRIC_PRESENTATION_REPRESENTATION (  '', ( #515 ), #815 ) ;
#1535 = EDGE_LOOP ( 'NONE', ( #518, #1512, #858, #817 ) ) ;
#1536 = CARTESIAN_POINT ( 'NONE',  ( 1.071081817620372500, 0.5414809388381018900, -1.475441678414737700 ) ) ;
#1537 = ORIENTED_EDGE ( 'NONE', *, *, #1941, .T. ) ;
#1538 = CARTESIAN_POINT ( 'NONE',  ( 0.1091059274487338700, 0.5209644643125068700, -1.506489567988071700 ) ) ;
#1539 = CARTESIAN_POINT ( 'NONE',  ( 0.1642261328679382500, 0.5500000000000000400, -0.1642261328679381300 ) ) ;
#1540 = CARTESIAN_POINT ( 'NONE',  ( 1.099999999999999600, 0.0000000000000000000, -1.500000000000000000 ) ) ;
#1541 = CARTESIAN_POINT ( 'NONE',  ( 1.199999999999994600, 0.0000000000000000000, -1.190000000000000200 ) ) ;
#1542 = EDGE_CURVE ( 'NONE', #913, #1186, #1989, .T. ) ;
#1543 = CARTESIAN_POINT ( 'NONE',  ( 1.099298722141162800, 0.5272532555427675800, -1.479789641539310800 ) ) ;
#1544 = DIRECTION ( 'NONE',  ( 0.0000000000000000000, 0.0000000000000000000, 1.000000000000000000 ) ) ;
#1545 = AXIS2_PLACEMENT_3D ( 'NONE', #2124, #2134, #1813 ) ;
#1546 = PLANE ( 'NONE',  #1896 ) ;
#1547 = COLOUR_RGB ( '',0.1019607843137254900, 0.1019607843137254900, 0.1019607843137254900 ) ;
#1548 = DIRECTION ( 'NONE',  ( 0.0000000000000000000, 1.000000000000000000, -0.0000000000000000000 ) ) ;
#1549 = VECTOR ( 'NONE', #728, 1000.000000000000000 ) ;
#1550 =( LENGTH_UNIT ( ) NAMED_UNIT ( * ) SI_UNIT ( .MILLI., .METRE. ) );
#1551 = VECTOR ( 'NONE', #1932, 1000.000000000000000 ) ;
#1552 = ORIENTED_EDGE ( 'NONE', *, *, #180, .F. ) ;
#1553 = CARTESIAN_POINT ( 'NONE',  ( 0.1642261328679383800, 0.5500000000000000400, -1.435773867132061900 ) ) ;
#1554 = CARTESIAN_POINT ( 'NONE',  ( 0.04999999999999834400, 0.1200000000000000000, -0.1900000000000000600 ) ) ;
#1555 = LINE ( 'NONE', #1279, #1964 ) ;
#1556 = DIRECTION ( 'NONE',  ( 0.0000000000000000000, 0.0000000000000000000, -1.000000000000000000 ) ) ;
#1557 = ORIENTED_EDGE ( 'NONE', *, *, #630, .T. ) ;
#1558 = LINE ( 'NONE', #1791, #612 ) ;
#1559 = VERTEX_POINT ( 'NONE', #625 ) ;
#1560 =( NAMED_UNIT ( * ) PLANE_ANGLE_UNIT ( ) SI_UNIT ( $, .RADIAN. ) );
#1561 = PRESENTATION_LAYER_ASSIGNMENT (  '', '', ( #66 ) ) ;
#1562 = ORIENTED_EDGE ( 'NONE', *, *, #1570, .F. ) ;
#1563 = DIRECTION ( 'NONE',  ( -0.0000000000000000000, -0.0000000000000000000, 1.000000000000000000 ) ) ;
#1564 = VERTEX_POINT ( 'NONE', #768 ) ;
#1565 = PLANE ( 'NONE',  #1921 ) ;
#1566 = DIRECTION ( 'NONE',  ( 0.0000000000000000000, 0.0000000000000000000, 1.000000000000000000 ) ) ;
#1567 = DIRECTION ( 'NONE',  ( 1.000000000000000000, 0.0000000000000000000, 0.0000000000000000000 ) ) ;
#1568 = CARTESIAN_POINT ( 'NONE',  ( 1.149999999999994600, 0.1200000000000000000, -1.410000000000000100 ) ) ;
#1569 = EDGE_CURVE ( 'NONE', #92, #321, #994, .T. ) ;
#1570 = EDGE_CURVE ( 'NONE', #1564, #1559, #1675, .T. ) ;
#1571 = CARTESIAN_POINT ( 'NONE',  ( 0.2999999999999999900, 0.5500000000000000400, -1.200000000000000000 ) ) ;
#1572 = PRODUCT_CONTEXT ( 'NONE', #1051, 'mechanical' ) ;
#1573 = ORIENTED_EDGE ( 'NONE', *, *, #845, .F. ) ;
#1574 =( NAMED_UNIT ( * ) SI_UNIT ( $, .STERADIAN. ) SOLID_ANGLE_UNIT ( ) );
#1575 = EDGE_CURVE ( 'NONE', #1419, #645, #557, .T. ) ;
#1576 = ORIENTED_EDGE ( 'NONE', *, *, #1012, .T. ) ;
#1577 = LINE ( 'NONE', #802, #1132 ) ;
#1578 = MANIFOLD_SOLID_BREP ( 'Cut-Extrude2', #644 ) ;
#1579 = CARTESIAN_POINT ( 'NONE',  ( 1.076767455793985900, 0.5307550991687294300, -1.494790862727586500 ) ) ;
#1580 = CARTESIAN_POINT ( 'NONE',  ( 0.1000000000000007100, 0.0000000000000000000, 0.0000000000000000000 ) ) ;
#1581 = ORIENTED_EDGE ( 'NONE', *, *, #349, .T. ) ;
#1582 = ORIENTED_EDGE ( 'NONE', *, *, #1426, .T. ) ;
#1583 = FILL_AREA_STYLE_COLOUR ( '', #2016 ) ;
#1584 = ORIENTED_EDGE ( 'NONE', *, *, #1118, .F. ) ;
#1585 = CARTESIAN_POINT ( 'NONE',  ( 1.150000000000001700, 0.0000000000000000000, -0.4100000000000000900 ) ) ;
#1586 = DIRECTION ( 'NONE',  ( -0.0000000000000000000, -1.000000000000000000, -0.0000000000000000000 ) ) ;
#1587 = FACE_BOUND ( 'NONE', #193, .T. ) ;
#1588 = LINE ( 'NONE', #504, #1358 ) ;
#1589 = CARTESIAN_POINT ( 'NONE',  ( 1.099999999999999600, 0.0000000000000000000, -0.1000000000000000200 ) ) ;
#1590 = DIRECTION ( 'NONE',  ( 0.0000000000000000000, 0.0000000000000000000, 1.000000000000000000 ) ) ;
#1591 = B_SPLINE_CURVE_WITH_KNOTS ( 'NONE', 3,
 ( #1642, #1818, #1138, #310, #1636, #803, #1824, #993, #1475, #643, #1811, #2127 ),
 .UNSPECIFIED., .F., .F.,
 ( 4, 2, 2, 2, 2, 4 ),
 ( 0.0000000000000000000, 0.2499999999999970000, 0.3749999999999955000, 0.4374999999999961100, 0.4999999999999967800, 1.000000000000000000 ),
 .UNSPECIFIED. ) ;
#1592 = FILL_AREA_STYLE ('',( #289 ) ) ;
#1593 = DIRECTION ( 'NONE',  ( -1.000000000000000000, 0.0000000000000000000, -0.0000000000000000000 ) ) ;
#1594 = EDGE_CURVE ( 'NONE', #844, #1259, #1619, .T. ) ;
#1595 = VECTOR ( 'NONE', #1597, 1000.000000000000000 ) ;
#1596 = AXIS2_PLACEMENT_3D ( 'NONE', #759, #574, #1901 ) ;
#1597 = DIRECTION ( 'NONE',  ( -4.928191693115928800E-016, 0.0000000000000000000, -1.000000000000000000 ) ) ;
#1598 = CARTESIAN_POINT ( 'NONE',  ( -1.745740669421566700E-015, -0.0000000000000000000, -0.4100000000000000900 ) ) ;
#1599 = ORIENTED_EDGE ( 'NONE', *, *, #1409, .F. ) ;
#1600 = CARTESIAN_POINT ( 'NONE',  ( 1.150000000000001700, 0.1200000000000000000, -0.4100000000000000900 ) ) ;
#1601 = FACE_OUTER_BOUND ( 'NONE', #2024, .T. ) ;
#1602 = DIRECTION ( 'NONE',  ( 0.0000000000000000000, 1.000000000000000000, 0.0000000000000000000 ) ) ;
#1603 = CARTESIAN_POINT ( 'NONE',  ( 0.1435342879258703900, 0.5483337186197901900, -1.452334153527541800 ) ) ;
#1604 = EDGE_CURVE ( 'NONE', #1392, #1178, #1254, .T. ) ;
#1605 = VERTEX_POINT ( 'NONE', #1457 ) ;
#1606 = DIRECTION ( 'NONE',  ( -0.0000000000000000000, -1.000000000000000000, -0.0000000000000000000 ) ) ;
#1607 = ORIENTED_EDGE ( 'NONE', *, *, #1941, .F. ) ;
#1608 = CARTESIAN_POINT ( 'NONE',  ( 0.1000000000000007100, 0.4639173100960065100, -0.06519932599378107400 ) ) ;
#1609 = CARTESIAN_POINT ( 'NONE',  ( 0.0000000000000000000, 0.1200000000000000000, -0.2200000000000000000 ) ) ;
#1610 = CARTESIAN_POINT ( 'NONE',  ( 0.1000000000000007100, 0.4639173100960065100, -0.06519932599378107400 ) ) ;
#1611 = EDGE_CURVE ( 'NONE', #2040, #1605, #1440, .T. ) ;
#1612 = CARTESIAN_POINT ( 'NONE',  ( 1.149999999999999700, 0.0000000000000000000, -0.6900000000000000600 ) ) ;
#1613 = DIRECTION ( 'NONE',  ( 0.0000000000000000000, 1.000000000000000000, 0.0000000000000000000 ) ) ;
#1614 = CONTEXT_DEPENDENT_SHAPE_REPRESENTATION ( #418, #1414 ) ;
#1615 = CARTESIAN_POINT ( 'NONE',  ( 0.0000000000000000000, 0.0000000000000000000, -0.1000000000000007100 ) ) ;
#1616 = VECTOR ( 'NONE', #94, 1000.000000000000000 ) ;
#1617 = ADVANCED_FACE ( 'NONE', ( #1646 ), #261, .F. ) ;
#1618 =( GEOMETRIC_REPRESENTATION_CONTEXT ( 3 ) GLOBAL_UNCERTAINTY_ASSIGNED_CONTEXT ( ( #1855 ) ) GLOBAL_UNIT_ASSIGNED_CONTEXT ( ( #761, #88, #932 ) ) REPRESENTATION_CONTEXT ( 'NONE', 'WORKASPACE' ) );
#1619 = LINE ( 'NONE', #1615, #1104 ) ;
#1620 = ORIENTED_EDGE ( 'NONE', *, *, #594, .T. ) ;
#1621 = VECTOR ( 'NONE', #1751, 1000.000000000000000 ) ;
#1622 = EDGE_LOOP ( 'NONE', ( #571, #1269, #669, #888 ) ) ;
#1623 = DIRECTION ( 'NONE',  ( -0.0000000000000000000, 0.0000000000000000000, -1.000000000000000000 ) ) ;
#1624 = LINE ( 'NONE', #47, #1648 ) ;
#1625 = VECTOR ( 'NONE', #1286, 1000.000000000000000 ) ;
#1626 = DIRECTION ( 'NONE',  ( 1.000000000000000000, 0.0000000000000000000, -0.0000000000000000000 ) ) ;
#1627 = EDGE_LOOP ( 'NONE', ( #1293, #1018, #539, #1371 ) ) ;
#1628 = ORIENTED_EDGE ( 'NONE', *, *, #1575, .F. ) ;
#1629 = ADVANCED_FACE ( 'NONE', ( #1498 ), #646, .T. ) ;
#1630 = CARTESIAN_POINT ( 'NONE',  ( 0.05000000000000009300, 0.0000000000000000000, -0.9100000000000001400 ) ) ;
#1631 = EDGE_CURVE ( 'NONE', #1502, #2121, #2077, .T. ) ;
#1632 = ORIENTED_EDGE ( 'NONE', *, *, #1346, .F. ) ;
#1633 = CARTESIAN_POINT ( 'NONE',  ( 1.099999999999999000, 0.0000000000000000000, -1.600000000000000100 ) ) ;
#1634 = PRODUCT_DEFINITION ( 'UNKNOWN', '', #958, #120 ) ;
#1635 = CARTESIAN_POINT ( 'NONE',  ( 0.08285086171160126200, 0.4769830875873413100, -1.529252510000715900 ) ) ;
#1636 = CARTESIAN_POINT ( 'NONE',  ( 1.090733876633177100, 0.5095254425465033400, -0.08360545639714514500 ) ) ;
#1637 = CARTESIAN_POINT ( 'NONE',  ( 1.099999999999999600, 0.0000000000000000000, -0.1000000000000000200 ) ) ;
#1638 = DIRECTION ( 'NONE',  ( 0.0000000000000000000, -0.0000000000000000000, 1.000000000000000000 ) ) ;
#1639 = CARTESIAN_POINT ( 'NONE',  ( 0.01686490016428701000, 0.1200000000000000000, -1.410000000000000100 ) ) ;
#1640 = EDGE_CURVE ( 'NONE', #920, #1236, #532, .T. ) ;
#1641 = VECTOR ( 'NONE', #1291, 1000.000000000000000 ) ;
#1642 = CARTESIAN_POINT ( 'NONE',  ( 1.099999999999999400, 0.4639173100960076700, -0.06519932599378124000 ) ) ;
#1643 = VECTOR ( 'NONE', #1563, 1000.000000000000000 ) ;
#1644 = DIRECTION ( 'NONE',  ( -0.0000000000000000000, -1.000000000000000000, -0.0000000000000000000 ) ) ;
#1645 = CARTESIAN_POINT ( 'NONE',  ( 0.0000000000000000000, 0.0000000000000000000, -0.1000000000000007100 ) ) ;
#1646 = FACE_OUTER_BOUND ( 'NONE', #1731, .T. ) ;
#1647 = ORIENTED_EDGE ( 'NONE', *, *, #743, .T. ) ;
#1648 = VECTOR ( 'NONE', #1380, 1000.000000000000000 ) ;
#1649 = CARTESIAN_POINT ( 'NONE',  ( 1.116644596849373000, 0.5088063720853259800, -1.490921050904707900 ) ) ;
#1650 = ORIENTED_EDGE ( 'NONE', *, *, #715, .F. ) ;
#1651 = CARTESIAN_POINT ( 'NONE',  ( 0.09459042372907607000, 0.5081069607140974400, -0.08523237290574253700 ) ) ;
#1652 = FACE_OUTER_BOUND ( 'NONE', #1110, .T. ) ;
#1653 = EDGE_LOOP ( 'NONE', ( #663, #482, #1537, #2145 ) ) ;
#1654 = ORIENTED_EDGE ( 'NONE', *, *, #1542, .T. ) ;
#1655 = SURFACE_SIDE_STYLE ('',( #564 ) ) ;
#1656 = CARTESIAN_POINT ( 'NONE',  ( 0.1568832044650428600, 0.5500000000000000400, -1.446212525087767800 ) ) ;
#1657 = CARTESIAN_POINT ( 'NONE',  ( 1.134800674006218400, 0.4639173100960067300, -1.499999999999999800 ) ) ;
#1658 = CARTESIAN_POINT ( 'NONE',  ( 0.06677014940747103000, 0.4750942994529879800, -0.09999893550288196900 ) ) ;
#1659 = AXIS2_PLACEMENT_3D ( 'NONE', #531, #696, #15 ) ;
#1660 = VECTOR ( 'NONE', #1699, 999.9999999999998900 ) ;
#1661 = CARTESIAN_POINT ( 'NONE',  ( 1.035773867132061500, 0.5500000000000000400, -0.1642261328679381300 ) ) ;
#1662 = ADVANCED_FACE ( 'NONE', ( #1415 ), #1797, .T. ) ;
#1663 = CARTESIAN_POINT ( 'NONE',  ( 0.1642261328679383600, 0.5500000000000000400, -1.435773867132061900 ) ) ;
#1664 = CARTESIAN_POINT ( 'NONE',  ( 1.132718796282071100, 0.4774782884364766600, -1.508668250228406100 ) ) ;
#1665 = AXIS2_PLACEMENT_3D ( 'NONE', #629, #1961, #1276 ) ;
#1666 = CARTESIAN_POINT ( 'NONE',  ( 0.08546417844506402900, 0.5117203509792391800, -1.496822063388510500 ) ) ;
#1667 = CARTESIAN_POINT ( 'NONE',  ( 0.1100645891725795800, 0.5335113436012046700, -0.1160304450734369200 ) ) ;
#1668 = CONTEXT_DEPENDENT_SHAPE_REPRESENTATION ( #73, #1976 ) ;
#1669 = CARTESIAN_POINT ( 'NONE',  ( 1.118285263542937000, 0.5065720435749316900, -0.1004308385890669100 ) ) ;
#1670 = CARTESIAN_POINT ( 'NONE',  ( 1.085175346830459500, 0.5364609545546515900, -1.479729572197312000 ) ) ;
#1671 = CARTESIAN_POINT ( 'NONE',  ( 1.149999999999994600, 0.1200000000000000000, -1.410000000000000100 ) ) ;
#1672 = SURFACE_STYLE_FILL_AREA ( #451 ) ;
#1673 = CARTESIAN_POINT ( 'NONE',  ( 1.068799213233960100, 0.5410029540632960200, -1.477518933941544000 ) ) ;
#1674 = CARTESIAN_POINT ( 'NONE',  ( 0.1160304450734465400, 0.5335113436011698100, -1.489935410827399000 ) ) ;
#1675 = LINE ( 'NONE', #1433, #1177 ) ;
#1676 = ORIENTED_EDGE ( 'NONE', *, *, #1313, .T. ) ;
#1677 = DIRECTION ( 'NONE',  ( 0.0000000000000000000, 0.0000000000000000000, 1.000000000000000000 ) ) ;
#1678 =( GEOMETRIC_REPRESENTATION_CONTEXT ( 3 ) GLOBAL_UNCERTAINTY_ASSIGNED_CONTEXT ( ( #1478 ) ) GLOBAL_UNIT_ASSIGNED_CONTEXT ( ( #1494, #658, #1799 ) ) REPRESENTATION_CONTEXT ( 'NONE', 'WORKASPACE' ) );
#1679 = LINE ( 'NONE', #1879, #80 ) ;
#1680 = ORIENTED_EDGE ( 'NONE', *, *, #1726, .T. ) ;
#1681 = CARTESIAN_POINT ( 'NONE',  ( 1.103223190920612100, 0.5222025492578187300, -0.1045745590120090600 ) ) ;
#1682 = VERTEX_POINT ( 'NONE', #804 ) ;
#1683 = CARTESIAN_POINT ( 'NONE',  ( 1.035773867132061500, 0.4500000000000000700, -0.1000000000000000200 ) ) ;
#1684 = ORIENTED_EDGE ( 'NONE', *, *, #715, .T. ) ;
#1685 =( NAMED_UNIT ( * ) PLANE_ANGLE_UNIT ( ) SI_UNIT ( $, .RADIAN. ) );
#1686 = EDGE_CURVE ( 'NONE', #1739, #1262, #269, .T. ) ;
#1687 = CARTESIAN_POINT ( 'NONE',  ( 1.093038648707665800, 0.5035022091701015800, -0.07982978103627287600 ) ) ;
#1688 = EDGE_LOOP ( 'NONE', ( #1477, #610, #1428, #1573 ) ) ;
#1689 = CARTESIAN_POINT ( 'NONE',  ( 0.1563997237561296200, 0.5500000000000000400, -0.1543154277848412200 ) ) ;
#1690 = CARTESIAN_POINT ( 'NONE',  ( 1.089935413172864900, 0.5335113430897108200, -0.1160304478003158200 ) ) ;
#1691 = CARTESIAN_POINT ( 'NONE',  ( 1.053350021772248700, 0.5484492961495596200, -1.455415800967014400 ) ) ;
#1692 = CARTESIAN_POINT ( 'NONE',  ( 1.103013911041513400, 0.5240936153659812000, -1.482237506755394100 ) ) ;
#1693 = CARTESIAN_POINT ( 'NONE',  ( 0.1232290605932213900, 0.5357263198290456200, -1.487662491140841800 ) ) ;
#1694 = SHAPE_REPRESENTATION_RELATIONSHIP ( 'NONE' , 'NONE' ,  #201, #17 ) ;
#1695 = CARTESIAN_POINT ( 'NONE',  ( 0.1333711487405888100, 0.5434921317825395200, -1.470452656552212500 ) ) ;
#1696 = DIRECTION ( 'NONE',  ( 0.0000000000000000000, 0.0000000000000000000, 1.000000000000000000 ) ) ;
#1697 = CARTESIAN_POINT ( 'NONE',  ( 1.108825187590982900, 0.5184882929910993300, -0.1139715311354854200 ) ) ;
#1698 = VECTOR ( 'NONE', #1980, 999.9999999999998900 ) ;
#1699 = DIRECTION ( 'NONE',  ( 0.1391731009600657400, -0.9902680687415703600, 9.053506704746857000E-016 ) ) ;
#1700 = ORIENTED_EDGE ( 'NONE', *, *, #126, .F. ) ;
#1701 = CARTESIAN_POINT ( 'NONE',  ( 1.086148098238317800, 0.5376623600925544100, -1.471033834597292600 ) ) ;
#1702 = CARTESIAN_POINT ( 'NONE',  ( 0.7635742262523468300, 0.3789008000700718700, 1.367113306679769400 ) ) ;
#1703 =( GEOMETRIC_REPRESENTATION_CONTEXT ( 3 ) GLOBAL_UNCERTAINTY_ASSIGNED_CONTEXT ( ( #2105 ) ) GLOBAL_UNIT_ASSIGNED_CONTEXT ( ( #34, #729, #1729 ) ) REPRESENTATION_CONTEXT ( 'NONE', 'WORKASPACE' ) );
#1704 = LINE ( 'NONE', #579, #1349 ) ;
#1705 = ORIENTED_EDGE ( 'NONE', *, *, #1575, .T. ) ;
#1706 = LINE ( 'NONE', #832, #823 ) ;
#1707 = ORIENTED_EDGE ( 'NONE', *, *, #1858, .T. ) ;
#1708 = CARTESIAN_POINT ( 'NONE',  ( 1.099999999999999400, 0.4639173100960076700, -0.06519932599378124000 ) ) ;
#1709 = CARTESIAN_POINT ( 'NONE',  ( 1.035773867132061500, 0.5500000000000000400, -0.1642261328679381900 ) ) ;
#1710 = VERTEX_POINT ( 'NONE', #797 ) ;
#1711 = UNCERTAINTY_MEASURE_WITH_UNIT (LENGTH_MEASURE( 1.000000000000000100E-005 ), #399, 'distance_accuracy_value', 'NONE');
#1712 = ORIENTED_EDGE ( 'NONE', *, *, #265, .T. ) ;
#1713 = CARTESIAN_POINT ( 'NONE',  ( 0.0000000000000000000, 0.0000000000000000000, -0.1000000000000007100 ) ) ;
#1714 = DIRECTION ( 'NONE',  ( 1.000000000000000000, 0.0000000000000000000, 0.0000000000000000000 ) ) ;
#1715 = CARTESIAN_POINT ( 'NONE',  ( 1.149999999999999700, 0.1200000000000000000, -0.9100000000000001400 ) ) ;
#1716 = CARTESIAN_POINT ( 'NONE',  ( 1.099999999999999000, 0.4639173100960066700, -1.534800674006219000 ) ) ;
#1717 = EDGE_CURVE ( 'NONE', #716, #465, #1939, .T. ) ;
#1718 = DIRECTION ( 'NONE',  ( -0.0000000000000000000, -0.0000000000000000000, 1.000000000000000000 ) ) ;
#1719 = CARTESIAN_POINT ( 'NONE',  ( 0.7635742262523375100, 0.3789008000700718700, 0.8671133066797692700 ) ) ;
#1720 = CARTESIAN_POINT ( 'NONE',  ( 0.05000000000000009300, 0.0000000000000000000, -0.6900000000000000600 ) ) ;
#1721 = DIRECTION ( 'NONE',  ( 0.0000000000000000000, -0.0000000000000000000, 1.000000000000000000 ) ) ;
#1722 = SHAPE_DEFINITION_REPRESENTATION ( #898, #1930 ) ;
#1723 = DIRECTION ( 'NONE',  ( -0.1391731009600657400, -0.9902680687415703600, -0.0000000000000000000 ) ) ;
#1724 = FACE_OUTER_BOUND ( 'NONE', #1627, .T. ) ;
#1725 = DIRECTION ( 'NONE',  ( 0.0000000000000000000, 0.0000000000000000000, 1.000000000000000000 ) ) ;
#1726 = EDGE_CURVE ( 'NONE', #838, #92, #1831, .T. ) ;
#1727 = ORIENTED_EDGE ( 'NONE', *, *, #2009, .T. ) ;
#1728 = FILL_AREA_STYLE_COLOUR ( '', #25 ) ;
#1729 =( NAMED_UNIT ( * ) SI_UNIT ( $, .STERADIAN. ) SOLID_ANGLE_UNIT ( ) );
#1730 = LINE ( 'NONE', #90, #1891 ) ;
#1731 = EDGE_LOOP ( 'NONE', ( #2096, #1396, #959, #1628 ) ) ;
#1732 = LINE ( 'NONE', #397, #851 ) ;
#1733 = CARTESIAN_POINT ( 'NONE',  ( 1.150000000000001700, 0.0000000000000000000, -0.1900000000000000600 ) ) ;
#1734 =( LENGTH_UNIT ( ) NAMED_UNIT ( * ) SI_UNIT ( .MILLI., .METRE. ) );
#1735 = ORIENTED_EDGE ( 'NONE', *, *, #1686, .F. ) ;
#1736 = PLANE ( 'NONE',  #1596 ) ;
#1737 = ORIENTED_EDGE ( 'NONE', *, *, #1376, .F. ) ;
#1738 = CARTESIAN_POINT ( 'NONE',  ( 1.149999999999994600, 0.1200000000000000000, -1.190000000000000200 ) ) ;
#1739 = VERTEX_POINT ( 'NONE', #317 ) ;
#1740 =( NAMED_UNIT ( * ) PLANE_ANGLE_UNIT ( ) SI_UNIT ( $, .RADIAN. ) );
#1741 = CARTESIAN_POINT ( 'NONE',  ( 0.1019704375529974100, 0.4873703522333644500, -0.07103495632812366300 ) ) ;
#1742 = CARTESIAN_POINT ( 'NONE',  ( 1.149999999999994600, 0.1200000000000000000, -1.190000000000000200 ) ) ;
#1743 = EDGE_CURVE ( 'NONE', #276, #1056, #1368, .T. ) ;
#1744 = AXIS2_PLACEMENT_3D ( 'NONE', #481, #1638, #1626 ) ;
#1745 = CARTESIAN_POINT ( 'NONE',  ( 0.06519932599378108800, 0.4639173100960066700, -1.499999999999999300 ) ) ;
#1746 =( REPRESENTATION_RELATIONSHIP ('NONE','NONE', #1930, #697 ) REPRESENTATION_RELATIONSHIP_WITH_TRANSFORMATION ( #1280 )SHAPE_REPRESENTATION_RELATIONSHIP( ) );
#1747 = AXIS2_PLACEMENT_3D ( 'NONE', #722, #553, #1198 ) ;
#1748 = CARTESIAN_POINT ( 'NONE',  ( 0.05000000000000533200, 0.1200000000000000000, -1.190000000000000200 ) ) ;
#1749 = VECTOR ( 'NONE', #1159, 1000.000000000000000 ) ;
#1750 = VECTOR ( 'NONE', #54, 1000.000000000000000 ) ;
#1751 = DIRECTION ( 'NONE',  ( -0.0000000000000000000, -1.000000000000000000, -0.0000000000000000000 ) ) ;
#1752 = EDGE_CURVE ( 'NONE', #321, #1479, #1914, .T. ) ;
#1753 = ORIENTED_EDGE ( 'NONE', *, *, #382, .T. ) ;
#1754 = VECTOR ( 'NONE', #1386, 1000.000000000000000 ) ;
#1755 = DIRECTION ( 'NONE',  ( 0.0000000000000000000, 1.000000000000000000, 0.0000000000000000000 ) ) ;
#1756 = EDGE_CURVE ( 'NONE', #1324, #465, #943, .T. ) ;
#1757 = DIRECTION ( 'NONE',  ( 0.0000000000000000000, 0.0000000000000000000, 1.000000000000000000 ) ) ;
#1758 = CONICAL_SURFACE ( 'NONE', #211, 0.1000000000000000200, 0.1396263401595466700 ) ;
#1759 = VECTOR ( 'NONE', #450, 1000.000000000000000 ) ;
#1760 = CARTESIAN_POINT ( 'NONE',  ( 0.04999999999999834400, 0.0000000000000000000, -0.4100000000000000900 ) ) ;
#1761 = DIRECTION ( 'NONE',  ( 0.0000000000000000000, 0.0000000000000000000, 1.000000000000000000 ) ) ;
#1762 = ORIENTED_EDGE ( 'NONE', *, *, #1298, .T. ) ;
#1763 = ORIENTED_EDGE ( 'NONE', *, *, #1455, .F. ) ;
#1764 = CARTESIAN_POINT ( 'NONE',  ( 0.1230662433177062800, 0.5308321127584920700, -1.494988751260903500 ) ) ;
#1765 = PLANE ( 'NONE',  #168 ) ;
#1766 = DIRECTION ( 'NONE',  ( -1.000000000000000000, 0.0000000000000000000, 0.0000000000000000000 ) ) ;
#1767 = UNCERTAINTY_MEASURE_WITH_UNIT (LENGTH_MEASURE( 1.000000000000000100E-005 ), #813, 'distance_accuracy_value', 'NONE');
#1768 = CARTESIAN_POINT ( 'NONE',  ( 0.05000000000000533200, 0.0000000000000000000, -1.190000000000000200 ) ) ;
#1769 = DIRECTION ( 'NONE',  ( 0.0000000000000000000, 0.0000000000000000000, -1.000000000000000000 ) ) ;
#1770 = DIRECTION ( 'NONE',  ( 0.1391731009600657400, -0.9902680687415702500, -0.0000000000000000000 ) ) ;
#1771 = DIRECTION ( 'NONE',  ( -0.1391731009600657400, 0.9902680687415702500, 0.0000000000000000000 ) ) ;
#1772 = FILL_AREA_STYLE_COLOUR ( '', #383 ) ;
#1773 = ADVANCED_FACE ( 'NONE', ( #1102 ), #1173, .T. ) ;
#1774 = AXIS2_PLACEMENT_3D ( 'NONE', #941, #1613, #1126 ) ;
#1775 = DIRECTION ( 'NONE',  ( 0.0000000000000000000, 1.000000000000000000, -0.0000000000000000000 ) ) ;
#1776 = VECTOR ( 'NONE', #878, 1000.000000000000100 ) ;
#1777 = MECHANICAL_DESIGN_GEOMETRIC_PRESENTATION_REPRESENTATION (  '', ( #1381 ), #377 ) ;
#1778 = CARTESIAN_POINT ( 'NONE',  ( 0.1167465153706284800, 0.5228660509827016700, -1.504531400445802600 ) ) ;
#1779 = DIRECTION ( 'NONE',  ( 1.000000000000000000, 0.0000000000000000000, 0.0000000000000000000 ) ) ;
#1780 = VERTEX_POINT ( 'NONE', #1465 ) ;
#1781 = DIRECTION ( 'NONE',  ( 0.0000000000000000000, 0.0000000000000000000, 1.000000000000000000 ) ) ;
#1782 = CARTESIAN_POINT ( 'NONE',  ( 0.1000000000000007300, 0.0000000000000000000, -1.600000000000000100 ) ) ;
#1783 = FACE_OUTER_BOUND ( 'NONE', #634, .T. ) ;
#1784 = VERTEX_POINT ( 'NONE', #1553 ) ;
#1785 = VECTOR ( 'NONE', #1876, 1000.000000000000000 ) ;
#1786 = DIRECTION ( 'NONE',  ( -0.0000000000000000000, -0.0000000000000000000, 1.000000000000000000 ) ) ;
#1787 = EDGE_CURVE ( 'NONE', #1324, #1682, #585, .T. ) ;
#1788 = EDGE_CURVE ( 'NONE', #1114, #2091, #1340, .T. ) ;
#1789 = EDGE_LOOP ( 'NONE', ( #216, #1379, #1841, #2018 ) ) ;
#1790 = CARTESIAN_POINT ( 'NONE',  ( 0.0000000000000000000, 0.1200000000000000000, 0.0000000000000000000 ) ) ;
#1791 = CARTESIAN_POINT ( 'NONE',  ( 1.149999999999999700, 0.0000000000000000000, -0.9100000000000001400 ) ) ;
#1792 = VERTEX_POINT ( 'NONE', #404 ) ;
#1793 = CARTESIAN_POINT ( 'NONE',  ( 0.05000000000000009300, 0.1200000000000000000, -0.9100000000000001400 ) ) ;
#1794 =( NAMED_UNIT ( * ) PLANE_ANGLE_UNIT ( ) SI_UNIT ( $, .RADIAN. ) );
#1795 = B_SPLINE_CURVE_WITH_KNOTS ( 'NONE', 3,
 ( #566, #545, #1050, #217 ),
 .UNSPECIFIED., .F., .F.,
 ( 4, 4 ),
 ( 0.0000000000000000000, 1.000000000000000000 ),
 .UNSPECIFIED. ) ;
#1796 = CONICAL_SURFACE ( 'NONE', #2144, 0.1000000000000000500, 0.1396263401595466700 ) ;
#1797 = PLANE ( 'NONE',  #1545 ) ;
#1798 = ADVANCED_FACE ( 'NONE', ( #1861 ), #45, .F. ) ;
#1799 =( NAMED_UNIT ( * ) SI_UNIT ( $, .STERADIAN. ) SOLID_ANGLE_UNIT ( ) );
#1800 = PRODUCT_DEFINITION_SHAPE ( 'NONE', 'NONE',  #1634 ) ;
#1801 = DIRECTION ( 'NONE',  ( 0.0000000000000000000, 0.0000000000000000000, 1.000000000000000000 ) ) ;
#1802 = CARTESIAN_POINT ( 'NONE',  ( 0.08546417862693646300, 0.5117203511464869500, -0.1031779363157654000 ) ) ;
#1803 = PRESENTATION_STYLE_ASSIGNMENT (( #240 ) ) ;
#1804 = SURFACE_SIDE_STYLE ('',( #353 ) ) ;
#1805 = AXIS2_PLACEMENT_3D ( 'NONE', #257, #78, #1247 ) ;
#1806 = PRESENTATION_STYLE_ASSIGNMENT (( #894 ) ) ;
#1807 = CARTESIAN_POINT ( 'NONE',  ( 0.05000000000000533200, 0.0000000000000000000, -1.410000000000000100 ) ) ;
#1808 = ADVANCED_FACE ( 'NONE', ( #1988 ), #41, .F. ) ;
#1809 = FACE_OUTER_BOUND ( 'NONE', #725, .T. ) ;
#1810 = ORIENTED_EDGE ( 'NONE', *, *, #753, .F. ) ;
#1811 = CARTESIAN_POINT ( 'NONE',  ( 1.056686198940795900, 0.5500000000000000400, -0.1344973016945939500 ) ) ;
#1812 = VECTOR ( 'NONE', #1779, 1000.000000000000000 ) ;
#1813 = DIRECTION ( 'NONE',  ( 0.0000000000000000000, -0.0000000000000000000, -1.000000000000000000 ) ) ;
#1814 = DIRECTION ( 'NONE',  ( -4.928191693115928800E-016, 0.0000000000000000000, -1.000000000000000000 ) ) ;
#1815 = CARTESIAN_POINT ( 'NONE',  ( 0.1476658464852733100, 0.5483337186186795200, -1.456465712218673900 ) ) ;
#1816 = DIRECTION ( 'NONE',  ( -0.0000000000000000000, -1.000000000000000000, -0.0000000000000000000 ) ) ;
#1817 = ORIENTED_EDGE ( 'NONE', *, *, #2012, .F. ) ;
#1818 = CARTESIAN_POINT ( 'NONE',  ( 1.100001118519166000, 0.4756615193579192300, -0.06684986696636989500 ) ) ;
#1819 = EDGE_LOOP ( 'NONE', ( #853, #1900, #1232, #2052 ) ) ;
#1820 = CARTESIAN_POINT ( 'NONE',  ( 1.150000000000001700, 0.0000000000000000000, -0.4100000000000000900 ) ) ;
#1821 = ADVANCED_FACE ( 'NONE', ( #1495 ), #1389, .F. ) ;
#1822 = DIRECTION ( 'NONE',  ( 0.0000000000000000000, 0.1391731009600657400, -0.9902680687415703600 ) ) ;
#1823 = PRODUCT_DEFINITION_FORMATION_WITH_SPECIFIED_SOURCE ( 'ANY', '', #902, .NOT_KNOWN. ) ;
#1824 = CARTESIAN_POINT ( 'NONE',  ( 1.085327146643641400, 0.5194565838272043900, -0.09220620294571907300 ) ) ;
#1825 = CARTESIAN_POINT ( 'NONE',  ( 1.055415800967007600, 0.5484492961495688300, -0.1466499782277615500 ) ) ;
#1826 = CARTESIAN_POINT ( 'NONE',  ( 1.106489567988097900, 0.5209644643125096500, -1.490894072551231400 ) ) ;
#1827 = EDGE_CURVE ( 'NONE', #886, #1526, #77, .T. ) ;
#1828 = ADVANCED_FACE ( 'NONE', ( #1962 ), #1546, .F. ) ;
#1829 = CARTESIAN_POINT ( 'NONE',  ( 0.1069613512923361000, 0.5035022091701006900, -1.520170218963725800 ) ) ;
#1830 = CARTESIAN_POINT ( 'NONE',  ( 1.149999999999999700, 0.1200000000000000000, -0.6900000000000000600 ) ) ;
#1831 = LINE ( 'NONE', #152, #1438 ) ;
#1832 = CARTESIAN_POINT ( 'NONE',  ( 1.085175348594747300, 0.5364609542211883400, -0.1202704297400081400 ) ) ;
#1833 = EDGE_LOOP ( 'NONE', ( #363, #115, #1470, #954 ) ) ;
#1834 = PRODUCT_DEFINITION_SHAPE ( 'NONE', 'NONE',  #2161 ) ;
#1835 = PRESENTATION_STYLE_ASSIGNMENT (( #1910 ) ) ;
#1836 = DIRECTION ( 'NONE',  ( 1.000000000000000000, 0.0000000000000000000, 0.0000000000000000000 ) ) ;
#1837 = VERTEX_POINT ( 'NONE', #1715 ) ;
#1838 = CARTESIAN_POINT ( 'NONE',  ( 0.1090789490952937100, 0.5088063720853263100, -1.516644596849372000 ) ) ;
#1839 = CARTESIAN_POINT ( 'NONE',  ( 0.1333711487724698600, 0.5434921317836256500, -0.1295473433813966200 ) ) ;
#1840 = FACE_OUTER_BOUND ( 'NONE', #1833, .T. ) ;
#1841 = ORIENTED_EDGE ( 'NONE', *, *, #711, .F. ) ;
#1842 = EDGE_LOOP ( 'NONE', ( #1763, #2050, #1582, #1676 ) ) ;
#1843 = CARTESIAN_POINT ( 'NONE',  ( 1.056465712074128800, 0.5483337186197682100, -0.1476658464725986400 ) ) ;
#1844 = ORIENTED_EDGE ( 'NONE', *, *, #2081, .T. ) ;
#1845 = CARTESIAN_POINT ( 'NONE',  ( 1.150000000000001700, 0.0000000000000000000, -0.1900000000000000600 ) ) ;
#1846 = ORIENTED_EDGE ( 'NONE', *, *, #1219, .T. ) ;
#1847 = CARTESIAN_POINT ( 'NONE',  ( 0.07103495632812174800, 0.4873703522333591200, -1.498029562446992400 ) ) ;
#1848 = CARTESIAN_POINT ( 'NONE',  ( 0.09546859955306703800, 0.5228660509816592800, -0.1167465153727064300 ) ) ;
#1849 = PRESENTATION_LAYER_ASSIGNMENT (  '', '', ( #2087 ) ) ;
#1850 = CARTESIAN_POINT ( 'NONE',  ( 1.086028468864516500, 0.5184882929911014400, -0.09117481240901950700 ) ) ;
#1851 = LINE ( 'NONE', #103, #343 ) ;
#1852 = DIRECTION ( 'NONE',  ( 0.0000000000000000000, 0.0000000000000000000, -1.000000000000000000 ) ) ;
#1853 = CARTESIAN_POINT ( 'NONE',  ( 0.09780143747682801300, 0.5131773405934201300, -1.511055441128791300 ) ) ;
#1854 = CARTESIAN_POINT ( 'NONE',  ( 0.09785243435344652400, 0.5250652817483900700, -0.1123641973185211400 ) ) ;
#1855 = UNCERTAINTY_MEASURE_WITH_UNIT (LENGTH_MEASURE( 1.000000000000000100E-005 ), #761, 'distance_accuracy_value', 'NONE');
#1856 = CARTESIAN_POINT ( 'NONE',  ( 1.092587932269870400, 0.5326182659713754000, -0.1193437862949517200 ) ) ;
#1857 = CARTESIAN_POINT ( 'NONE',  ( 1.073534652093444600, 0.5342570497108397600, -1.489955801147894800 ) ) ;
#1858 = EDGE_CURVE ( 'NONE', #146, #1605, #1030, .T. ) ;
#1859 = PRODUCT ( 'sot563_pin', 'sot563_pin', '', ( #1572 ) ) ;
#1860 = CARTESIAN_POINT ( 'NONE',  ( 0.08523237290579832600, 0.5081069607142222300, -1.505409576270867200 ) ) ;
#1861 = FACE_OUTER_BOUND ( 'NONE', #1087, .T. ) ;
#1862 = CARTESIAN_POINT ( 'NONE',  ( 0.1074120690394579200, 0.5326182669943303500, -0.1193437842227294800 ) ) ;
#1863 = LINE ( 'NONE', #1116, #1501 ) ;
#1864 = ORIENTED_EDGE ( 'NONE', *, *, #413, .T. ) ;
#1865 = CARTESIAN_POINT ( 'NONE',  ( 0.0000000000000000000, 0.0000000000000000000, -0.9100000000000001400 ) ) ;
#1866 = AXIS2_PLACEMENT_3D ( 'NONE', #1589, #1755, #1951 ) ;
#1867 = CARTESIAN_POINT ( 'NONE',  ( 1.043600276243875000, 0.5500000000000000400, -1.445684572215157900 ) ) ;
#1868 = SURFACE_STYLE_FILL_AREA ( #1055 ) ;
#1869 = ORIENTED_EDGE ( 'NONE', *, *, #1026, .F. ) ;
#1870 = CARTESIAN_POINT ( 'NONE',  ( 1.134800674006218400, 0.4639173100960066700, -0.1000000000000007100 ) ) ;
#1871 = CARTESIAN_POINT ( 'NONE',  ( 0.1312007863169264400, 0.5410029542705890900, -1.477518933509520700 ) ) ;
#1872 =( NAMED_UNIT ( * ) SI_UNIT ( $, .STERADIAN. ) SOLID_ANGLE_UNIT ( ) );
#1873 = EDGE_CURVE ( 'NONE', #920, #221, #580, .T. ) ;
#1874 = CARTESIAN_POINT ( 'NONE',  ( 0.05000000000000533200, 0.1200000000000000000, -1.410000000000000100 ) ) ;
#1875 = EDGE_LOOP ( 'NONE', ( #1013, #458, #1707, #1482 ) ) ;
#1876 = DIRECTION ( 'NONE',  ( 1.000000000000000000, -0.0000000000000000000, -0.0000000000000000000 ) ) ;
#1877 = EDGE_CURVE ( 'NONE', #887, #1392, #604, .T. ) ;
#1878 = CARTESIAN_POINT ( 'NONE',  ( 1.087635800693101300, 0.5250652807735191100, -1.502147566733768000 ) ) ;
#1879 = CARTESIAN_POINT ( 'NONE',  ( 0.1000000000000007100, 0.0000000000000000000, 0.0000000000000000000 ) ) ;
#1880 = CARTESIAN_POINT ( 'NONE',  ( 0.1148246514053362500, 0.5364609542212902500, -1.479729570259945100 ) ) ;
#1881 = DIRECTION ( 'NONE',  ( 1.000000000000000000, 0.0000000000000000000, 0.0000000000000000000 ) ) ;
#1882 = AXIS2_PLACEMENT_3D ( 'NONE', #2082, #1097, #95 ) ;
#1883 = CARTESIAN_POINT ( 'NONE',  ( 0.0000000000000000000, 0.0000000000000000000, -0.4100000000000000900 ) ) ;
#1884 = CARTESIAN_POINT ( 'NONE',  ( 1.120062587409349700, 0.5041820399045252600, -1.492940602479186300 ) ) ;
#1885 = DIRECTION ( 'NONE',  ( 1.000000000000000000, 0.0000000000000000000, 0.0000000000000000000 ) ) ;
#1886 = CARTESIAN_POINT ( 'NONE',  ( 1.035773867132061500, 0.5500000000000000400, -1.435773867132061900 ) ) ;
#1887 = DIRECTION ( 'NONE',  ( 0.0000000000000000000, 1.000000000000000000, -0.0000000000000000000 ) ) ;
#1888 = ORIENTED_EDGE ( 'NONE', *, *, #189, .T. ) ;
#1889 = CARTESIAN_POINT ( 'NONE',  ( 1.134800674006218400, 0.4639173100960066700, -1.499999999999999800 ) ) ;
#1890 = DIRECTION ( 'NONE',  ( 1.000000000000000000, 0.0000000000000000000, 0.0000000000000000000 ) ) ;
#1891 = VECTOR ( 'NONE', #1450, 999.9999999999998900 ) ;
#1892 = VERTEX_POINT ( 'NONE', #1372 ) ;
#1893 = VECTOR ( 'NONE', #991, 1000.000000000000000 ) ;
#1894 = ORIENTED_EDGE ( 'NONE', *, *, #1185, .T. ) ;
#1895 = DIRECTION ( 'NONE',  ( 0.0000000000000000000, 0.0000000000000000000, -1.000000000000000000 ) ) ;
#1896 = AXIS2_PLACEMENT_3D ( 'NONE', #206, #1895, #1378 ) ;
#1897 = ORIENTED_EDGE ( 'NONE', *, *, #442, .T. ) ;
#1898 = CARTESIAN_POINT ( 'NONE',  ( 0.1642261328679381900, 0.5500000000000000400, -0.1000000000000001900 ) ) ;
#1899 =( NAMED_UNIT ( * ) SI_UNIT ( $, .STERADIAN. ) SOLID_ANGLE_UNIT ( ) );
#1900 = ORIENTED_EDGE ( 'NONE', *, *, #869, .F. ) ;
#1901 = DIRECTION ( 'NONE',  ( 0.0000000000000000000, -0.0000000000000000000, -1.000000000000000000 ) ) ;
#1902 = CARTESIAN_POINT ( 'NONE',  ( 1.149999999999994600, 0.0000000000000000000, -1.410000000000000100 ) ) ;
#1903 = EDGE_CURVE ( 'NONE', #1892, #172, #1403, .T. ) ;
#1904 = EDGE_CURVE ( 'NONE', #1326, #1083, #1208, .T. ) ;
#1905 = CARTESIAN_POINT ( 'NONE',  ( 0.2500000000000001100, 0.1200000000000000000, 0.0000000000000000000 ) ) ;
#1906 = CIRCLE ( 'NONE', #770, 0.1000000000000000500 ) ;
#1907 = CARTESIAN_POINT ( 'NONE',  ( 1.092941162102815600, 0.5116208216291939800, -1.519048380538791100 ) ) ;
#1908 = CONTEXT_DEPENDENT_SHAPE_REPRESENTATION ( #1413, #412 ) ;
#1909 = DIRECTION ( 'NONE',  ( -0.0000000000000000000, -1.000000000000000000, -0.0000000000000000000 ) ) ;
#1910 = SURFACE_STYLE_USAGE ( .BOTH. , #1411 ) ;
#1911 = VECTOR ( 'NONE', #1463, 1000.000000000000000 ) ;
#1912 =( REPRESENTATION_RELATIONSHIP ('NONE','NONE', #1930, #201 ) REPRESENTATION_RELATIONSHIP_WITH_TRANSFORMATION ( #1122 )SHAPE_REPRESENTATION_RELATIONSHIP( ) );
#1913 = CARTESIAN_POINT ( 'NONE',  ( 0.2999999999999999900, 0.5200000000000000200, -1.399999999999999900 ) ) ;
#1914 = LINE ( 'NONE', #1301, #972 ) ;
#1915 = ORIENTED_EDGE ( 'NONE', *, *, #671, .F. ) ;
#1916 = CARTESIAN_POINT ( 'NONE',  ( 0.1167465153727069400, 0.5228660509816590600, -0.09546859955306695500 ) ) ;
#1917 = ORIENTED_EDGE ( 'NONE', *, *, #1188, .F. ) ;
#1918 = VECTOR ( 'NONE', #1075, 1000.000000000000000 ) ;
#1919 = CARTESIAN_POINT ( 'NONE',  ( 0.05000000000000533200, 0.1200000000000000000, -1.410000000000000100 ) ) ;
#1920 =( REPRESENTATION_RELATIONSHIP ('NONE','NONE', #1930, #201 ) REPRESENTATION_RELATIONSHIP_WITH_TRANSFORMATION ( #347 )SHAPE_REPRESENTATION_RELATIONSHIP( ) );
#1921 = AXIS2_PLACEMENT_3D ( 'NONE', #873, #707, #890 ) ;
#1922 = COLOUR_RGB ( '',0.8000000000000000400, 0.8078431372549019800, 0.8000000000000000400 ) ;
#1923 = VERTEX_POINT ( 'NONE', #547 ) ;
#1924 = CARTESIAN_POINT ( 'NONE',  ( 1.077051225601120900, 0.5305084478506867400, -1.495186186853605400 ) ) ;
#1925 = ORIENTED_EDGE ( 'NONE', *, *, #1271, .T. ) ;
#1926 = CARTESIAN_POINT ( 'NONE',  ( 0.2999999999999999900, 0.5500000000000000400, -1.399999999999999900 ) ) ;
#1927 = ORIENTED_EDGE ( 'NONE', *, *, #1877, .F. ) ;
#1928 = DIRECTION ( 'NONE',  ( 0.0000000000000000000, 0.0000000000000000000, -1.000000000000000000 ) ) ;
#1929 = CARTESIAN_POINT ( 'NONE',  ( 0.1104943747387564700, 0.5343700972774682000, -1.473129695109447000 ) ) ;
#1930 = SHAPE_REPRESENTATION ( 'SOT563', ( #736, #1148, #483, #2103, #174, #595, #1978, #1071 ), #405 ) ;
#1931 = CARTESIAN_POINT ( 'NONE',  ( 1.074410619365307600, 0.5331567089853771500, -1.491355820692501300 ) ) ;
#1932 = DIRECTION ( 'NONE',  ( -0.0000000000000000000, 1.000000000000000000, -0.0000000000000000000 ) ) ;
#1933 = ADVANCED_FACE ( 'NONE', ( #555 ), #1736, .F. ) ;
#1934 = DIRECTION ( 'NONE',  ( -0.0000000000000000000, 1.000000000000000000, -0.0000000000000000000 ) ) ;
#1935 = EDGE_CURVE ( 'NONE', #985, #1992, #1309, .T. ) ;
#1936 = DIRECTION ( 'NONE',  ( -1.000000000000000000, -0.0000000000000000000, -0.0000000000000000000 ) ) ;
#1937 = DIRECTION ( 'NONE',  ( -1.000000000000000000, -0.0000000000000000000, -0.0000000000000000000 ) ) ;
#1938 = VECTOR ( 'NONE', #1770, 1000.000000000000100 ) ;
#1939 = CIRCLE ( 'NONE', #2130, 0.1000000000000000300 ) ;
#1940 = PLANE ( 'NONE',  #426 ) ;
#1941 = EDGE_CURVE ( 'NONE', #1139, #592, #267, .T. ) ;
#1942 = SURFACE_STYLE_FILL_AREA ( #1366 ) ;
#1943 = ORIENTED_EDGE ( 'NONE', *, *, #964, .F. ) ;
#1944 = PLANE ( 'NONE',  #1774 ) ;
#1945 = ORIENTED_EDGE ( 'NONE', *, *, #1827, .F. ) ;
#1946 = EDGE_CURVE ( 'NONE', #1456, #1923, #654, .T. ) ;
#1947 = DIRECTION ( 'NONE',  ( 0.0000000000000000000, 0.0000000000000000000, -1.000000000000000000 ) ) ;
#1948 = ORIENTED_EDGE ( 'NONE', *, *, #1089, .F. ) ;
#1949 = CARTESIAN_POINT ( 'NONE',  ( 0.0000000000000000000, 0.0000000000000000000, -0.9100000000000001400 ) ) ;
#1950 = DIRECTION ( 'NONE',  ( -1.000000000000000000, 0.0000000000000000000, 0.0000000000000000000 ) ) ;
#1951 = DIRECTION ( 'NONE',  ( 0.0000000000000000000, -0.0000000000000000000, 1.000000000000000000 ) ) ;
#1952 = DIRECTION ( 'NONE',  ( -0.0000000000000000000, -0.0000000000000000000, 1.000000000000000000 ) ) ;
#1953 = ADVANCED_FACE ( 'NONE', ( #871 ), #1068, .F. ) ;
#1954 = DIRECTION ( 'NONE',  ( 0.0000000000000000000, -0.0000000000000000000, 1.000000000000000000 ) ) ;
#1955 = CARTESIAN_POINT ( 'NONE',  ( 0.05000000000000012800, 0.0000000000000000000, -0.6900000000000000600 ) ) ;
#1956 = DIRECTION ( 'NONE',  ( 0.0000000000000000000, 0.0000000000000000000, -1.000000000000000000 ) ) ;
#1957 = CARTESIAN_POINT ( 'NONE',  ( 1.112740441743758100, 0.4918706516747049000, -0.07622313438998686000 ) ) ;
#1958 = AXIS2_PLACEMENT_3D ( 'NONE', #1429, #116, #430 ) ;
#1959 = CIRCLE ( 'NONE', #1002, 0.1000000000000000500 ) ;
#1960 = ADVANCED_FACE ( 'NONE', ( #1229 ), #914, .F. ) ;
#1961 = DIRECTION ( 'NONE',  ( 0.0000000000000000000, -0.0000000000000000000, 1.000000000000000000 ) ) ;
#1962 = FACE_OUTER_BOUND ( 'NONE', #558, .T. ) ;
#1963 = ORIENTED_EDGE ( 'NONE', *, *, #1188, .T. ) ;
#1964 = VECTOR ( 'NONE', #620, 1000.000000000000000 ) ;
#1965 = ORIENTED_EDGE ( 'NONE', *, *, #1717, .T. ) ;
#1966 = VECTOR ( 'NONE', #208, 1000.000000000000000 ) ;
#1967 = FACE_OUTER_BOUND ( 'NONE', #1315, .T. ) ;
#1968 =( NAMED_UNIT ( * ) SI_UNIT ( $, .STERADIAN. ) SOLID_ANGLE_UNIT ( ) );
#1969 = CARTESIAN_POINT ( 'NONE',  ( 0.07229203972425743400, 0.4903705517460041900, -0.09436488671970580400 ) ) ;
#1970 = VECTOR ( 'NONE', #998, 1000.000000000000000 ) ;
#1971 = VECTOR ( 'NONE', #2120, 1000.000000000000000 ) ;
#1972 = AXIS2_PLACEMENT_3D ( 'NONE', #367, #1199, #2030 ) ;
#1973 = ORIENTED_EDGE ( 'NONE', *, *, #1049, .F. ) ;
#1974 = DIRECTION ( 'NONE',  ( -1.000000000000000000, -0.0000000000000000000, -0.0000000000000000000 ) ) ;
#1975 = VERTEX_POINT ( 'NONE', #84 ) ;
#1976 = PRODUCT_DEFINITION_SHAPE ( 'NONE', 'NONE',  #2164 ) ;
#1977 = CARTESIAN_POINT ( 'NONE',  ( 1.100001064497112800, 0.4750942994529852600, -1.533229850592529700 ) ) ;
#1978 = AXIS2_PLACEMENT_3D ( 'NONE', #1702, #1725, #1885 ) ;
#1979 = CARTESIAN_POINT ( 'NONE',  ( 0.08725955766373667800, 0.4918706518467260700, -0.07622313490320517500 ) ) ;
#1980 = DIRECTION ( 'NONE',  ( 0.1391731009600657400, -0.9902680687415703600, -0.0000000000000000000 ) ) ;
#1981 = DIRECTION ( 'NONE',  ( 0.0000000000000000000, 0.0000000000000000000, 1.000000000000000000 ) ) ;
#1982 = CARTESIAN_POINT ( 'NONE',  ( 1.123776865610141900, 0.4918706516744350600, -1.512740441743809100 ) ) ;
#1983 = EDGE_CURVE ( 'NONE', #1190, #659, #1167, .T. ) ;
#1984 = CARTESIAN_POINT ( 'NONE',  ( 0.09677681057188075600, 0.5222025496155149300, -0.1045745571831922000 ) ) ;
#1985 = CARTESIAN_POINT ( 'NONE',  ( 1.108668250228569900, 0.4774782884362986900, -0.06728120371787323100 ) ) ;
#1986 = DIRECTION ( 'NONE',  ( -0.0000000000000000000, -0.0000000000000000000, 1.000000000000000000 ) ) ;
#1987 = AXIS2_PLACEMENT_3D ( 'NONE', #1484, #642, #300 ) ;
#1988 = FACE_OUTER_BOUND ( 'NONE', #1789, .T. ) ;
#1989 = CIRCLE ( 'NONE', #731, 0.1000000000000000500 ) ;
#1990 = ORIENTED_EDGE ( 'NONE', *, *, #493, .T. ) ;
#1991 = VECTOR ( 'NONE', #602, 1000.000000000000000 ) ;
#1992 = VERTEX_POINT ( 'NONE', #243 ) ;
#1993 = CARTESIAN_POINT ( 'NONE',  ( 1.073534652093446300, 0.5342570497108409800, -0.1100441988521069800 ) ) ;
#1994 = ADVANCED_FACE ( 'NONE', ( #425 ), #1425, .F. ) ;
#1995 = CARTESIAN_POINT ( 'NONE',  ( 0.01686490016428701300, 0.1200000000000000000, -0.1000000000000007100 ) ) ;
#1996 = CARTESIAN_POINT ( 'NONE',  ( 1.096822063388528600, 0.5117203509793510900, -1.514535821554926500 ) ) ;
#1997 = VERTEX_POINT ( 'NONE', #1241 ) ;
#1998 = CARTESIAN_POINT ( 'NONE',  ( 0.1000000000000008100, 0.4639173100960065100, -0.06519932599378108800 ) ) ;
#1999 = EDGE_CURVE ( 'NONE', #1056, #1449, #737, .T. ) ;
#2000 = CARTESIAN_POINT ( 'NONE',  ( 1.076770939406766200, 0.5357263198290790300, -0.1123375088591791100 ) ) ;
#2001 = CARTESIAN_POINT ( 'NONE',  ( 0.1558897677047196300, 0.5500000000000000400, -1.445152380168901000 ) ) ;
#2002 = CARTESIAN_POINT ( 'NONE',  ( 0.0000000000000000000, 0.0000000000000000000, -1.410000000000000100 ) ) ;
#2003 =( GEOMETRIC_REPRESENTATION_CONTEXT ( 3 ) GLOBAL_UNCERTAINTY_ASSIGNED_CONTEXT ( ( #1711 ) ) GLOBAL_UNIT_ASSIGNED_CONTEXT ( ( #399, #1560, #1239 ) ) REPRESENTATION_CONTEXT ( 'NONE', 'WORKASPACE' ) );
#2004 = CARTESIAN_POINT ( 'NONE',  ( 0.09351043124117088000, 0.5209644635970891400, -1.490894071107870200 ) ) ;
#2005 = CARTESIAN_POINT ( 'NONE',  ( 0.1245583222418523300, 0.5414809389417594200, -0.1289181817144962900 ) ) ;
#2006 = CARTESIAN_POINT ( 'NONE',  ( 1.045152380231140200, 0.5500000000000000400, -0.1558897678104556300 ) ) ;
#2007 = CARTESIAN_POINT ( 'NONE',  ( 1.149999999999994600, 0.0000000000000000000, -1.190000000000000200 ) ) ;
#2008 = CARTESIAN_POINT ( 'NONE',  ( 1.066628851227543000, 0.5434921317836199900, -1.470452656618613400 ) ) ;
#2009 = EDGE_CURVE ( 'NONE', #1784, #1105, #1142, .T. ) ;
#2010 = CARTESIAN_POINT ( 'NONE',  ( 0.1004308390616524500, 0.5065720434483822500, -1.518285263555682500 ) ) ;
#2011 = CARTESIAN_POINT ( 'NONE',  ( 0.1193437862949597700, 0.5326182659713953900, -0.1074120677301312100 ) ) ;
#2012 = EDGE_CURVE ( 'NONE', #172, #1780, #93, .T. ) ;
#2013 = LINE ( 'NONE', #935, #1249 ) ;
#2014 = CARTESIAN_POINT ( 'NONE',  ( 1.076933756680517100, 0.5308321127576407500, -0.1050112487379524900 ) ) ;
#2015 = ORIENTED_EDGE ( 'NONE', *, *, #934, .F. ) ;
#2016 = COLOUR_RGB ( '',0.8000000000000000400, 0.8078431372549019800, 0.8000000000000000400 ) ;
#2017 = CARTESIAN_POINT ( 'NONE',  ( 1.055415801117915600, 0.5484492961490175000, -1.453350021687338100 ) ) ;
#2018 = ORIENTED_EDGE ( 'NONE', *, *, #1788, .T. ) ;
#2019 = CARTESIAN_POINT ( 'NONE',  ( 0.09436488671975429300, 0.4903705517460402200, -1.527707960275745700 ) ) ;
#2020 = CARTESIAN_POINT ( 'NONE',  ( 0.1123375088591530200, 0.5357263198290390700, -0.1232290605932091900 ) ) ;
#2021 = LINE ( 'NONE', #1671, #86 ) ;
#2022 = LINE ( 'NONE', #969, #1532 ) ;
#2023 = CARTESIAN_POINT ( 'NONE',  ( 1.079515445232847000, 0.5400469847209707900, -0.1336079957594952800 ) ) ;
#2024 = EDGE_LOOP ( 'NONE', ( #1137, #83, #1753, #63 ) ) ;
#2025 = CARTESIAN_POINT ( 'NONE',  ( 1.051197850475599400, 0.5481025635590721600, -1.457670100982478000 ) ) ;
#2026 = PRODUCT ( 'sot563_body', 'sot563_body', '', ( #1431 ) ) ;
#2027 = EDGE_LOOP ( 'NONE', ( #10, #133, #439, #1086 ) ) ;
#2028 = CARTESIAN_POINT ( 'NONE',  ( 0.1204845547671619100, 0.5400469847209745700, -0.1336079957594866800 ) ) ;
#2029 = AXIS2_PLACEMENT_3D ( 'NONE', #488, #137, #810 ) ;
#2030 = DIRECTION ( 'NONE',  ( 0.0000000000000000000, -0.0000000000000000000, 1.000000000000000000 ) ) ;
#2031 = CARTESIAN_POINT ( 'NONE',  ( 1.035773867132061500, 0.5500000000000000400, -1.435773867132061900 ) ) ;
#2032 = CARTESIAN_POINT ( 'NONE',  ( 1.035773867132061500, 0.5500000000000000400, -1.435773867132061900 ) ) ;
#2033 = CARTESIAN_POINT ( 'NONE',  ( 0.1204845547671519700, 0.5400469847209691300, -1.466392004240504100 ) ) ;
#2034 = CARTESIAN_POINT ( 'NONE',  ( 1.073129695110516500, 0.5343700972766291000, -1.489505625262553100 ) ) ;
#2035 = SURFACE_SIDE_STYLE ('',( #1868 ) ) ;
#2036 = LINE ( 'NONE', #2090, #2132 ) ;
#2037 = DIRECTION ( 'NONE',  ( -0.0000000000000000000, -0.0000000000000000000, -1.000000000000000000 ) ) ;
#2038 = APPLICATION_PROTOCOL_DEFINITION ( 'draft international standard', 'automotive_design', 1998, #1211 ) ;
#2039 = AXIS2_PLACEMENT_3D ( 'NONE', #1540, #1887, #1064 ) ;
#2040 = VERTEX_POINT ( 'NONE', #461 ) ;
#2041 = CARTESIAN_POINT ( 'NONE',  ( 0.1258919605680443600, 0.5424119827778987000, -1.462648460974631300 ) ) ;
#2042 = DIRECTION ( 'NONE',  ( -0.0000000000000000000, -0.0000000000000000000, -1.000000000000000000 ) ) ;
#2043 = VECTOR ( 'NONE', #1909, 1000.000000000000000 ) ;
#2044 = AXIS2_PLACEMENT_3D ( 'NONE', #787, #1113, #1956 ) ;
#2045 = VECTOR ( 'NONE', #864, 1000.000000000000100 ) ;
#2046 = CARTESIAN_POINT ( 'NONE',  ( 0.0000000000000000000, 0.0000000000000000000, 0.0000000000000000000 ) ) ;
#2047 = ORIENTED_EDGE ( 'NONE', *, *, #1946, .T. ) ;
#2048 = CARTESIAN_POINT ( 'NONE',  ( 1.118221590299651300, 0.4664285855804951600, -0.06555226274653874800 ) ) ;
#2049 = ORIENTED_EDGE ( 'NONE', *, *, #74, .T. ) ;
#2050 = ORIENTED_EDGE ( 'NONE', *, *, #1387, .T. ) ;
#2051 = EDGE_CURVE ( 'NONE', #887, #2121, #786, .T. ) ;
#2052 = ORIENTED_EDGE ( 'NONE', *, *, #964, .T. ) ;
#2053 = APPLICATION_CONTEXT ( 'automotive_design' ) ;
#2054 = PLANE ( 'NONE',  #7 ) ;
#2055 = CARTESIAN_POINT ( 'NONE',  ( -0.5864257737476705800, 0.3789008000700718700, 1.867113306679769200 ) ) ;
#2056 = EDGE_CURVE ( 'NONE', #886, #92, #2036, .T. ) ;
#2057 = CARTESIAN_POINT ( 'NONE',  ( 1.128965043671878800, 0.4873703522333597800, -0.1019704375530069800 ) ) ;
#2058 = FACE_OUTER_BOUND ( 'NONE', #1405, .T. ) ;
#2059 = ORIENTED_EDGE ( 'NONE', *, *, #64, .T. ) ;
#2060 = CARTESIAN_POINT ( 'NONE',  ( 0.1086441793085859300, 0.5331567089861113400, -1.474410619364406000 ) ) ;
#2061 = APPLICATION_PROTOCOL_DEFINITION ( 'draft international standard', 'automotive_design', 1998, #50 ) ;
#2062 = MANIFOLD_SOLID_BREP ( 'Boss-Extrude1', #433 ) ;
#2063 = ORIENTED_EDGE ( 'NONE', *, *, #1089, .T. ) ;
#2064 = LINE ( 'NONE', #755, #1529 ) ;
#2065 = CARTESIAN_POINT ( 'NONE',  ( 1.199999999999999700, 0.0000000000000000000, -1.190000000000000200 ) ) ;
#2066 = ORIENTED_EDGE ( 'NONE', *, *, #630, .F. ) ;
#2067 = CARTESIAN_POINT ( 'NONE',  ( 0.1364986942589829800, 0.5467249596995159600, -1.455041792728572600 ) ) ;
#2068 = APPLICATION_CONTEXT ( 'automotive_design' ) ;
#2069 = VERTEX_POINT ( 'NONE', #122 ) ;
#2070 = DIRECTION ( 'NONE',  ( 0.0000000000000000000, 1.000000000000000000, 0.0000000000000000000 ) ) ;
#2071 = CARTESIAN_POINT ( 'NONE',  ( 1.200000000000000000, 0.0000000000000000000, -0.9100000000000001400 ) ) ;
#2072 = EDGE_CURVE ( 'NONE', #190, #1997, #2013, .T. ) ;
#2073 = DIRECTION ( 'NONE',  ( 0.0000000000000000000, -0.0000000000000000000, -1.000000000000000000 ) ) ;
#2074 = LINE ( 'NONE', #1302, #962 ) ;
#2075 = DIRECTION ( 'NONE',  ( 1.000000000000000000, -0.0000000000000000000, -0.0000000000000000000 ) ) ;
#2076 = PLANE ( 'NONE',  #1882 ) ;
#2077 = LINE ( 'NONE', #2146, #131 ) ;
#2078 = EDGE_CURVE ( 'NONE', #1997, #796, #378, .T. ) ;
#2079 = ADVANCED_FACE ( 'NONE', ( #2058 ), #105, .F. ) ;
#2080 =( NAMED_UNIT ( * ) PLANE_ANGLE_UNIT ( ) SI_UNIT ( $, .RADIAN. ) );
#2081 = EDGE_CURVE ( 'NONE', #838, #1792, #1462, .T. ) ;
#2082 = CARTESIAN_POINT ( 'NONE',  ( 0.0000000000000000000, 0.0000000000000000000, -0.1000000000000007100 ) ) ;
#2083 = ORIENTED_EDGE ( 'NONE', *, *, #1983, .T. ) ;
#2084 = CARTESIAN_POINT ( 'NONE',  ( 0.0000000000000000000, 0.0000000000000000000, -0.6900000000000000600 ) ) ;
#2085 = VECTOR ( 'NONE', #445, 1000.000000000000000 ) ;
#2086 = VERTEX_POINT ( 'NONE', #963 ) ;
#2087 = STYLED_ITEM ( 'NONE', ( #428 ), #1629 ) ;
#2088 = CYLINDRICAL_SURFACE ( 'NONE', #965, 0.1000000000000000500 ) ;
#2089 = LINE ( 'NONE', #280, #485 ) ;
#2090 = CARTESIAN_POINT ( 'NONE',  ( 0.04999999999999834400, 0.0000000000000000000, -0.4100000000000000900 ) ) ;
#2091 = VERTEX_POINT ( 'NONE', #282 ) ;
#2092 = ORIENTED_EDGE ( 'NONE', *, *, #1334, .T. ) ;
#2093 = CARTESIAN_POINT ( 'NONE',  ( 1.199999999999999700, 0.0000000000000000000, -0.1900000000000000600 ) ) ;
#2094 = DIRECTION ( 'NONE',  ( 0.0000000000000000000, -0.0000000000000000000, -1.000000000000000000 ) ) ;
#2095 = DIRECTION ( 'NONE',  ( 1.000000000000000000, 0.0000000000000000000, -0.0000000000000000000 ) ) ;
#2096 = ORIENTED_EDGE ( 'NONE', *, *, #1118, .T. ) ;
#2097 = SURFACE_STYLE_USAGE ( .BOTH. , #468 ) ;
#2098 = CARTESIAN_POINT ( 'NONE',  ( 0.2500000000000000000, 0.0000000000000000000, -0.2200000000000000000 ) ) ;
#2099 = CARTESIAN_POINT ( 'NONE',  ( 0.1537874749124419900, 0.5500000000000000400, -0.1568832044648492700 ) ) ;
#2100 = EDGE_CURVE ( 'NONE', #465, #1419, #1028, .T. ) ;
#2101 = DIRECTION ( 'NONE',  ( 0.0000000000000000000, 0.0000000000000000000, -1.000000000000000000 ) ) ;
#2102 = ADVANCED_FACE ( 'NONE', ( #1724 ), #128, .T. ) ;
#2103 = AXIS2_PLACEMENT_3D ( 'NONE', #709, #717, #1383 ) ;
#2104 = ITEM_DEFINED_TRANSFORMATION ( 'NONE', 'NONE', #483,  #1443 ) ;
#2105 = UNCERTAINTY_MEASURE_WITH_UNIT (LENGTH_MEASURE( 1.000000000000000100E-005 ), #34, 'distance_accuracy_value', 'NONE');
#2106 = SURFACE_STYLE_FILL_AREA ( #885 ) ;
#2107 = CARTESIAN_POINT ( 'NONE',  ( 0.1204845547679488800, 0.5400469847213511500, -0.1336079957585378000 ) ) ;
#2108 = CARTESIAN_POINT ( 'NONE',  ( 0.01686490016428701300, 0.1200000000000000000, -0.1000000000000007100 ) ) ;
#2109 = ORIENTED_EDGE ( 'NONE', *, *, #1426, .F. ) ;
#2110 = CARTESIAN_POINT ( 'NONE',  ( 1.149999999999999700, 0.1200000000000000000, -0.9100000000000001400 ) ) ;
#2111 = FACE_OUTER_BOUND ( 'NONE', #2123, .T. ) ;
#2112 = ORIENTED_EDGE ( 'NONE', *, *, #2100, .T. ) ;
#2113 = CARTESIAN_POINT ( 'NONE',  ( 0.1000000000000002600, 0.4639173100960066700, -1.534800674006219000 ) ) ;
#2114 = EDGE_CURVE ( 'NONE', #190, #570, #22, .T. ) ;
#2115 = EDGE_CURVE ( 'NONE', #1682, #1033, #1591, .T. ) ;
#2116 = VECTOR ( 'NONE', #1586, 1000.000000000000000 ) ;
#2117 = DIRECTION ( 'NONE',  ( -1.000000000000000000, -0.0000000000000000000, -0.0000000000000000000 ) ) ;
#2118 = ADVANCED_FACE ( 'NONE', ( #1282 ), #333, .T. ) ;
#2119 = VERTEX_POINT ( 'NONE', #1630 ) ;
#2120 = DIRECTION ( 'NONE',  ( -0.0000000000000000000, -1.000000000000000000, -0.0000000000000000000 ) ) ;
#2121 = VERTEX_POINT ( 'NONE', #988 ) ;
#2122 = FILL_AREA_STYLE_COLOUR ( '', #1076 ) ;
#2123 = EDGE_LOOP ( 'NONE', ( #357, #1869, #1607, #2059 ) ) ;
#2124 = CARTESIAN_POINT ( 'NONE',  ( 0.0000000000000000000, 0.1200000000000000000, 0.0000000000000000000 ) ) ;
#2125 = CARTESIAN_POINT ( 'NONE',  ( 1.183135099835712600, 0.1200000000000000000, -0.6900000000000000600 ) ) ;
#2126 = CARTESIAN_POINT ( 'NONE',  ( 0.06519932599378108800, 0.4639173100960066700, -1.499999999999999300 ) ) ;
#2127 = CARTESIAN_POINT ( 'NONE',  ( 1.035773867132061500, 0.5500000000000000400, -0.1642261328679381900 ) ) ;
#2128 = DIRECTION ( 'NONE',  ( 0.0000000000000000000, 0.0000000000000000000, 1.000000000000000000 ) ) ;
#2129 = DIRECTION ( 'NONE',  ( 0.0000000000000000000, 0.0000000000000000000, -1.000000000000000000 ) ) ;
#2130 = AXIS2_PLACEMENT_3D ( 'NONE', #1637, #973, #2128 ) ;
#2131 = CARTESIAN_POINT ( 'NONE',  ( 1.093038648707666200, 0.5035022091701000200, -1.520170218963728100 ) ) ;
#2132 = VECTOR ( 'NONE', #1435, 1000.000000000000000 ) ;
#2133 = CARTESIAN_POINT ( 'NONE',  ( 0.06538120048872760000, 0.4652114143706226900, -0.09061009513184248300 ) ) ;
#2134 = DIRECTION ( 'NONE',  ( 0.0000000000000000000, -1.000000000000000000, 0.0000000000000000000 ) ) ;
#2135 = ADVANCED_FACE ( 'NONE', ( #710 ), #500, .T. ) ;
#2136 = CARTESIAN_POINT ( 'NONE',  ( 0.0000000000000000000, 0.0000000000000000000, -0.1000000000000007100 ) ) ;
#2137 = ORIENTED_EDGE ( 'NONE', *, *, #126, .T. ) ;
#2138 = LINE ( 'NONE', #1902, #636 ) ;
#2139 = DIRECTION ( 'NONE',  ( 0.0000000000000000000, 0.9902680687415703600, 0.1391731009600657400 ) ) ;
#2140 = CARTESIAN_POINT ( 'NONE',  ( 0.06938641655832199200, 0.4658584665230050500, -1.517999136231615600 ) ) ;
#2141 = CARTESIAN_POINT ( 'NONE',  ( 0.1004308385890666200, 0.5065720435749461200, -0.08171473645706038600 ) ) ;
#2142 = FACE_OUTER_BOUND ( 'NONE', #108, .T. ) ;
#2143 = LINE ( 'NONE', #291, #824 ) ;
#2144 = AXIS2_PLACEMENT_3D ( 'NONE', #1295, #464, #626 ) ;
#2145 = ORIENTED_EDGE ( 'NONE', *, *, #900, .T. ) ;
#2146 = CARTESIAN_POINT ( 'NONE',  ( 0.0000000000000000000, 0.0000000000000000000, -0.2200000000000000000 ) ) ;
#2147 = VERTEX_POINT ( 'NONE', #1179 ) ;
#2148 = CARTESIAN_POINT ( 'NONE',  ( 1.090894071107839000, 0.5209644635970739300, -1.506489568758837100 ) ) ;
#2149 = CARTESIAN_POINT ( 'NONE',  ( 0.08200086376838439100, 0.4658584665230050000, -0.06938641655832206200 ) ) ;
#2150 = CARTESIAN_POINT ( 'NONE',  ( 1.080656215777272100, 0.5326182669943109200, -0.1074120690394464200 ) ) ;
#2151 = SURFACE_STYLE_USAGE ( .BOTH. , #1655 ) ;
#2152 = CARTESIAN_POINT ( 'NONE',  ( 0.1642261328679383800, 0.5500000000000000400, -1.435773867132061900 ) ) ;
#2153 = CARTESIAN_POINT ( 'NONE',  ( 1.117999136231614800, 0.4658584665230050000, -1.530613583441677900 ) ) ;
#2154 = EDGE_CURVE ( 'NONE', #1240, #1479, #679, .T. ) ;
#2155 = CARTESIAN_POINT ( 'NONE',  ( 0.1123641973185151000, 0.5250652817483793000, -1.502147565646566600 ) ) ;
#2156 = CARTESIAN_POINT ( 'NONE',  ( 0.07074748998896854300, 0.4769830875873446500, -0.08285086172168981700 ) ) ;
#2157 = CARTESIAN_POINT ( 'NONE',  ( 1.083969554926565500, 0.5335113436011785800, -0.1100645891725631800 ) ) ;
#2158 = SHAPE_DEFINITION_REPRESENTATION ( #1800, #697 ) ;
#2159 = LINE ( 'NONE', #1768, #296 ) ;
#2160 = NEXT_ASSEMBLY_USAGE_OCCURRENCE ( 'NAUO1', ' ', ' ', #704, #1634, $ ) ;
#2161 = NEXT_ASSEMBLY_USAGE_OCCURRENCE ( 'NAUO2', ' ', ' ', #704, #1046, $ ) ;
#2162 = NEXT_ASSEMBLY_USAGE_OCCURRENCE ( 'NAUO3', ' ', ' ', #704, #1046, $ ) ;
#2163 = NEXT_ASSEMBLY_USAGE_OCCURRENCE ( 'NAUO4', ' ', ' ', #704, #1046, $ ) ;
#2164 = NEXT_ASSEMBLY_USAGE_OCCURRENCE ( 'NAUO5', ' ', ' ', #704, #1046, $ ) ;
#2165 = NEXT_ASSEMBLY_USAGE_OCCURRENCE ( 'NAUO6', ' ', ' ', #704, #1046, $ ) ;
#2166 = NEXT_ASSEMBLY_USAGE_OCCURRENCE ( 'NAUO7', ' ', ' ', #704, #1046, $ ) ;
ENDSEC;
END-ISO-10303-21;
